-0.3936132210693313,-0.18979384489735107,4.0,0.006489166147713323,0.0,0.5877930989613428
-0.329381714517532,-0.18820509365348048,4.0,0.04233822488282222,0.06425115224203168,0.5287814533910996
-0.26394722371168644,-0.18433671549148542,4.0,0.0751542262156919,0.12979988935133446,0.47324600391129906
-0.19737256584441856,-0.17830307938576073,4.0,0.10503516516809708,0.19664740115843224,0.4215442233903185
-0.12972582257285073,-0.17022595953944136,4.0,0.1321001602947536,0.2647746478388993,0.37377437377762246
-0.06107993180916228,-0.1602339422728473,4.0,0.1564795225143023,0.33414394023687727,0.3298490506976381
0.00848772048885171,-0.14846183291192805,4.0,0.1783070837492828,0.40470058985307444,0.2895559704589787
0.07889570852721944,-0.1350500626767082,4.0,0.19771449394394805,0.476374576490161,0.25260511554818516
0.15005897488523343,-0.12014409556973155,4.0,0.21482713884594193,0.5490821987462623,0.21866336847453827
0.22188923872489208,-0.10389383526450678,4.0,0.22976133469574617,0.6227276857991872,0.18737865153615108
0.29429540400033866,-0.08645303199395156,4.0,0.24262249165277164,0.6972047587049983,0.15839578201425294
0.3671839676673027,-0.06797868943883809,4.0,0.25350398655989526,0.7723981363806737,0.13136607541977482
0.4404594278925415,-0.04863047161623697,4.0,0.2624865362084492,0.8481849861907256,0.10595239812707015
0.5140246922632782,-0.028570109767963762,4.0,0.26963790869566534,0.9244363221752185,0.08183100922390663
0.5877814859966448,-0.00796080924902189,4.0,0.27501285031713507,1.0010183559018468,0.05869120225778964
0.6616307601491209,0.013033343583950691,4.0,0.2786531382947276,1.0777938060537138,0.03623348597569548
0.7354730998259755,0.03424797448423784,4.0,0.28058769616959645,1.1546231734413697,0.014166834202715185
0.809209132390707,0.05551901442660011,4.0,0.2808327300459154,1.231365988340334,-0.0077946154673336696
0.8827399356744839,0.07668329271882925,4.0,0.2793918613761183,1.307882037030713,-0.02993513351313277
0.9559674461855847,0.09757913011330396,4.0,0.2762562469643602,1.3840325742321649,-0.052541014269075044
1.02879486731884,0.11804693191854516,4.0,0.27140469061451883,1.45968152782479,-0.07590402252620504
1.1011270775650717,0.1379297811107705,4.0,0.26480376458994526,1.5346967018304927,-0.10032443223754436
1.1728710387205317,0.15707403144544965,4.0,0.2564079739694932,1.6089509830750985,-0.12611335265447843
1.2439362040963498,0.1753299005688599,4.0,0.2461600142262649,1.6823235562025516,-0.15359392714224107
1.3142349267279636,0.19255206312964065,4.0,0.23399119300600366,1.754701130677706,-0.18310083063385318
1.3836828675845685,0.20860024389034929,4.0,0.21982211206921506,1.825979181962452,-0.21497727894289417
1.452199403778552,0.22333981083901525,4.0,0.20356373525821328,1.8960632070027965,-0.2495684976441652
1.5197080367749367,0.23664236830069563,4.0,0.18511900301339332,1.9648699912908438,-0.28721029256981934
1.586136800600823,0.24838635004903153,4.0,0.1643851919368248,2.0323288807772606,-0.32821105396909567
1.6514186685051444,0.2584576102374757,4.0,0.14125707196927823,2.0983830446040823,-0.37283937122474603
1.7154918822659142,0.2667499054992656,4.0,0.11562760489115977,2.1629906206485527,-0.421388545568541
1.7782999958793972,0.2731649751965507,4.0,0.08738692954180068,2.2261254941726616,-0.47411372357764486
1.8397917576720808,0.2776123943381975,4.0,0.05642646240506297,2.2877778769764885,-0.5311529665585175
1.8999209816969005,0.2800094114210597,4.0,0.022645162197952016,2.3479548598912414,-0.5924737954717012
1.9586464191283302,0.28028078626964603,4.0,-0.014042635580574789,2.406680924341545,-0.6578088435251593
2.0159316296574703,0.2783586278757898,4.0,-0.05369773089005445,2.46399837402538,-0.7265839170524097
2.0717448528871394,0.2741822322383177,4.0,-0.09634502902206134,2.5199676349442592,-0.7978459533090181
2.1260588797269593,0.26769792020271743,4.0,-0.14196137432459568,2.5746673590215496,-0.8702034588128653
2.178850923788448,0.2588588753008072,4.0,-0.1904630471572509,2.628194255353844,-0.9417972343177693
2.2301024927801048,0.24762498159040328,4.0,-0.24169417552058128,2.6806625666665136,-1.0103226122553215
2.2797992599025045,0.23396266149498984,4.0,-0.29541773414314504,2.732203110443307,-1.0731232446065562
2.3279309352433772,0.2178447136433864,4.0,-0.351311052570675,2.782961818209228,-1.1273678419472943
2.374491137172709,0.19925015070941735,4.0,-0.4089676619405236,2.833097735218948,-1.1703040086975611
2.4194772637378215,0.17816403725157987,4.0,-0.4679067445863406,2.882780486391655,-1.1995599833583759
2.462890364058466,0.15457732755271242,4.0,-0.5275903967706883,2.9321872688599453,-1.2134428466268325
2.50473500972191,0.12848670345966456,4.0,-0.5874475415217113,2.9814994888085944,-1.2111705750610091
2.54501916617803,0.09989441222296369,4.0,-0.6469019807923548,3.0308992092485467,-1.1929831169736056
2.583754064134391,0.06880810433648492,4.0,-0.7054011673681532,3.0805656049070063,-1.160104890799412
2.6209540709513495,0.03524067137711981,4.0,-0.7624421153973118,3.130671623134992,-1.1145687791366028
2.6566365620371313,-0.0007899161555561312,4.0,-0.8175915110510562,3.181381024709421,-1.0589453534716724
2.690821792242921,-0.03926077099961435,4.0,-0.870498309075562,3.2328459315553046,-0.9960384448339248
2.7235327672579617,-0.08014425129110404,4.0,-0.9208985129596962,3.2852049503312446,-0.9286053241379556
2.7547951150046295,-0.12340812272438435,4.0,-0.9686130464078627,3.338581883158347,-0.8591416849201743
2.7846369570335345,-0.169015720712455,4.0,-1.0135403878536464,3.3930849888489365,-0.7897479814122278
2.8130887799186,-0.21692611254728986,4.0,-1.0556459058219516,3.4488067249242826,-0.7220732437915948
2.8401833066521602,-0.2670942595601649,4.0,-1.0949496979924866,3.5058238833384046,-0.6573199043719595
2.8659553680400425,-0.31947117928199215,4.0,-1.1315143643389158,3.564198028880138,-0.5962887536149564
2.89044177409666,-0.3740041076036506,4.0,-1.1654336918454153,3.623976154920561,-0.5394446440760652
2.9136811854401006,-0.4306366609363167,4.0,-1.1968228061235608,3.6851914825482632,-0.486988065359476
2.935713984687214,-0.4893089983717976,4.0,-1.2258100111738883,3.747864342885147,-0.4389228905646425
2.9565821478487,-0.5499579838428599,4.0,-1.2525303075317191,3.8120030961658546,-0.39511508095397935
2.9763291157242038,-0.6125173482835642,4.0,-1.2771204405888403,3.87760505360236,-0.3553404075362935
2.994999665297394,-0.6769178517895944,4.0,-1.2997152636263767,3.944657378492666,-0.3193213112470071
3.0126397811310635,-0.7430874457785887,4.0,-1.3204451813652787,4.013137951323897,-0.28675412443983556
3.029296526762209,-0.8109514351504729,4.0,-1.339434450464129,4.083016189914233,-0.25732831636681364
3.0450179160971267,-0.8804326404477907,4.0,-1.3568001392019844,4.154253820224261,-0.23073946548135346
3.059852784806496,-0.951451560016035,4.0,-1.3726515801548793,4.226805596675737,-0.2066974931520775
3.073850661720473,-1.0239265321639797,4.0,-1.3870901813495007,4.300619972958032,-0.18493144089644828
3.0870616402237747,-1.0977738973240112,4.0,-1.4002094901620914,4.375639725650864,-0.16519180854771032
3.0995362496507752,-1.1729081602124591,4.0,-1.412095428855044,4.451802533767074,-0.14725123030523063
3.1113253266805843,-1.2492421519899288,4.0,-1.4228266408608592,4.529041517692923,-0.1309040639142308
3.122479886732148,-1.3266871924216317,4.0,-1.4324749030310089,4.607285741105338,-0.1159653075755799
3.133050995359327,-1.4051532520377177,4.0,-1.4411055716072463,4.68646067937044,-0.1022691359012431
3.143089639645993,-1.4845491142936034,4.0,-1.4487780392539704,4.766488657743443,-0.08966725428463489
3.152646599601115,-1.5647825377303113,4.0,-1.4555461876948101,4.84728926244389,-0.07802720408208251
3.1617723195538483,-1.6457604181347927,4.0,-1.461458825837442,4.928779727404265,-0.06723070323298581
3.170516779548622,-1.7273889507002613,4.0,-1.4665601071771035,5.010875299205623,-0.05717207355977958
3.1789293667402347,-1.8095737921865291,4.0,-1.4708899230887231,5.093489582434248,-0.04775678315107023
3.1870587467889293,-1.8922202230803318,4.0,-1.4744842706246206,5.176534867426596,-0.038900116998238546
3.1949527352554994,-1.9752333097556638,4.0,-1.4773755948424865,5.25992244212017,-0.030525979223253587
3.2026581689963676,-2.05851806663411,4.0,-1.4795931066601284,5.3435628894972425,-0.02256582418607347
3.210220777558675,-2.141979618345174,4.0,-1.4811630778931213,5.427366371896754,-0.01495771032715531
3.2176850545755222,-2.2255233618865815,4.0,-1.4821091155146533,5.511242903276496,-0.007645451368732641
3.2250941324671016,-2.309055128073409,4.0,-1.4824522447461488,5.595102609914989,-0.0005708290026771185
3.2324897119010707,-2.3924813312074074,4.0,-1.4822099159048747,5.678855973814712,0.006338049960998937
3.239912094587867,-2.4757090965168764,4.0,-1.4813953299830058,5.762414053514746,0.013152869801113468
3.247400246081633,-2.5586463811417404,4.0,-1.4800175410277168,5.845688693074094,0.019943580319028882
3.2549918592660485,-2.6412020949712733,4.0,-1.4780815597066417,5.928592724801421,0.02677960821983349
3.262723417840166,-2.7232862214818327,4.0,-1.475588410640445,6.011040167593702,0.03373105366757904
3.270630259804245,-2.8048099385745955,4.0,-1.4725351446670691,6.0929464225347365,0.04086989809917399
3.278746640945593,-2.885685739413279,4.0,-1.468914806673786,6.174228467317887,0.048271249353229025
3.287105798324391,-2.9658275532618825,4.0,-1.4647163591417731,6.254805051007119,0.05601465041603151
3.2957400137595405,-3.0451508663224085,4.0,-1.4599245611094855,6.334596890634231,0.06418547851742055
3.3046806773144866,-3.1235728425726035,4.0,-1.4545198018967063,6.413526871147271,0.07287646175988366
3.3139583507830603,-3.201012444603679,4.0,-1.4484778886703336,6.491520250274738,0.08218934066694321
3.3236028311753127,-3.2773905544580506,4.0,-1.4417697868179784,6.568504869952717,0.09223670157688302
3.333643214203351,-3.352630094467067,4.0,-1.434361312186542,6.644411376077805,0.1031440070569043
3.3441079577671715,-3.426656148088739,4.0,-1.4262127746253133,6.71917344849862,0.1150518445345623
3.3550249454404972,-3.4993960807454725,4.0,-1.4172785730659163,6.792728043343304,0.1281184067598321
3.3664215499566095,-3.570779660661797,4.0,-1.4075067437394038,6.865015650000096,0.14252220451933156
3.3783246966941842,-3.6407391797021003,4.0,-1.396838465299155,6.935980565321731,0.1584649903503353
3.390760927163134,-3.7092095742083564,4.0,-1.3852075278910718,7.005571187909254,0.1761748377839557
3.4037564624904335,-3.776128545837862,4.0,-1.3725397779944781,7.073740335640421,0.19590926824316718
3.4173372669059585,-3.841436682400957,4.0,-1.358752557677313,7.140445589930594,0.21795823947233664
3.4315291112283237,-3.9050775786987666,4.0,-1.3437541664442414,7.205649670530345,0.24264669518538345
3.446357636350714,-3.9669979573609266,4.0,-1.3274433869451934,7.269320844942088,0.2703362127346296
3.461848416726722,-4.027147789683315,4.0,-1.3097091334496085,7.331433376729717,0.30142505891674054
3.478027023856182,-4.085480416465788,4.0,-1.2904303052784352,7.3919680170275885,0.3363456575665119
3.4949190897710065,-4.141952668849898,4.0,-1.2694759573917578,7.450912543323127,0.3755580732157295
3.512550370521022,-4.196524989156641,4.0,-1.2467059378149725,7.5082623489422184,0.4195376202248449
3.5309468096598,-4.24916155172418,4.0,-1.2219721864879567,7.564021085404886,0.46875413846738234
3.550134601730498,-4.2998303837455705,4.0,-1.1951209406954317,7.618201357672199,0.5236399049091894
3.570140255751689,-4.348503486106503,4.0,-1.1659961437361237,7.670825468935511,0.5845427282382314
3.590990658703202,-4.395156954223023,4.0,-1.1344443963236654,7.7219262066067,0.6516607819001559
3.612713139011954,-4.439771098879274,4.0,-1.1003218077264414,7.771547654128643,0.7249566219943536
3.635335530037787,-4.482330567065219,4.0,-1.063503070087704,7.819746003768398,0.8040502465626124
3.658886233559301,-4.52282446281437,4.0,-1.0238929593664272,7.866590333513858,0.888095720093537
3.6833942832596884,-4.561246468041526,4.0,-0.981440218446443,7.912163296834145,0.9756533836892182
3.7088894082125776,-4.59759496338051,4.0,-0.9361533655393267,7.9565616584004415,1.0645798547548848
3.7354020956604885,-4.631873148107219,4.0,-0.8881173795650497,7.9998965928514005,1.1519701133120892
3.7629636146937284,-4.664089109504976,4.0,-0.8375091789264696,8.042293591568308,1.2342177301561439
3.791605887747688,-4.694255695451388,4.0,-0.7846081802901905,8.083891701060926,1.3072397821008375
3.8213612717030285,-4.72239027011718,4.0,-0.7297992703408529,8.124842124330469,1.3668245953899851
3.8522623325620082,-4.748514461358647,4.0,-0.6735665032199745,8.165306292803713,1.409092537824682
3.884341620123633,-4.772653908108589,4.0,-0.616476335354991,8.205453441891223,1.4310048466211842
3.9176314426588186,-4.794838007767264,4.0,-0.5591509381492791,8.245457773682794,1.4308132055355547
3.9521636415855403,-4.8150996635933225,4.0,-0.5022341996774624,8.285495349277832,1.4083379786574997
3.987969366143996,-4.833475032094754,4.0,-0.44635473653071206,8.325740896593274,1.3649992214062547
4.025078848071758,-4.850003270419839,4.0,-0.39209097653374086,8.366364735789954,1.303591796837611
4.063521176278935,-4.864726283748071,4.0,-0.3399428604369352,8.407530009012072,1.2278667501324916
4.10332407152332,-4.87768847268112,4.0,-0.2903131422578206,8.449390357932877,1.1420260777269682
4.144513661085555,-4.888936480633764,4.0,-0.24349921292608057,8.492088132713398,1.0502424667666117
4.187114253444283,-4.898518941224836,4.0,-0.1996944854100037,8.53575315327098,0.9562854948205068
4.231148112951305,-4.906486225668169,4.0,-0.15899712202586255,8.580501990177487,0.8632904523831124
4.276635234506741,-4.912890190163534,4.0,-0.12142339723621107,8.626437695120993,0.7736649997178853
4.323593118234179,-4.917783923287583,4.0,-0.08692314332261054,8.673649891300041,0.6891033897956352
4.372036544155836,-4.921221493384803,4.0,-0.05539526372077827,8.722215129930161,0.6106692819794848
4.421977346867716,-4.9232576959584415,4.0,-0.02670196433693432,8.772197425760062,0.5389115009755941
4.473424190214758,-4.923947801061459,4.0,-0.0006809679222933197,8.823648897414703,0.4739862427040178
4.526382341966008,-4.923347300687483,4.0,0.02284454809793679,8.876610453638133,0.4157693328388441
4.580853448489759,-4.921511656161724,4.0,0.04405823303256166,8.93111248146047,0.363950533523344
4.6368353094287205,-4.918496045531945,4.0,0.06314482693977866,8.987175505475053,0.31810770145913075
4.694321652375163,-4.9143551109593915,4.0,0.08028609304123231,9.044810798173973,0.2777620118264742
4.753301907546082,-4.9091427061097335,4.0,0.0956580927879977,9.104020929607229,0.2424170813825171
4.81376098245836,-4.902911643544018,4.0,0.10942950364430742,9.164800250761271,0.21158529199151618
4.875679036603907,-4.895713442109596,4.0,0.12176072269345763,9.22713530938049,0.18480444580752448
4.939031256124835,-4.887598074331086,4.0,0.13280354682012782,9.291005199879914,0.16164742464798984
5.003787628488597,-4.8786137138013,4.0,0.14270126546751938,9.3563818508789,0.14172698810273898
5.0699127171631595,-4.868806482572195,4.0,0.15158904152461114,9.423230255022903,0.1246973372787721
5.137365436292149,-4.8582201985458155,4.0,0.1595944887524619,9.491508646387825,0.11025364073453864
5.206098825370007,-4.846896122865227,4.0,0.16683838053291916,9.561168631057274,0.09813037770904842
5.27605982391716,-4.834872707305481,4.0,0.17343544542849795,9.63215527655794,0.08809909530212189
5.347189048626689,-4.82218534308102,4.0,0.17949507386885621,9.70440716801237,0.07995654373792445
5.4194206743770605,-4.808866169181032,4.0,0.1851197207408133,9.777856525748977,0.07347561309340218
5.492682664896409,-4.794944081097794,4.0,0.19040254669589363,9.852429602602855,0.06844400606362018
5.566897184766634,-4.780444843484837,4.0,0.19542812167918874,9.928047211999907,0.06468359836167877
5.64198102203736,-4.765391208895873,4.0,0.20027354045512166,10.00462524105286,0.06204639129238417
5.717846010840283,-4.749803036523936,4.0,0.20500946005768791,10.082075145145538,0.060410810103049606
5.7943994540035115,-4.733697410940519,4.0,0.20970105698416905,10.160304428892603,0.0596784476808221
5.871544545665879,-4.717088760834703,4.0,0.21440890649112104,10.23921711751701,0.05977126211596369
5.949180793891291,-4.699988977752295,4.0,0.21918978901134803,10.318714221992476,0.06062921152527287
6.027204443283045,-4.682407534834955,4.0,0.22409743016461584,10.398694200733804,0.06220829654849872
6.1055088975981775,-4.664351605559341,4.0,0.22918318147016403,10.479053420165034,0.06447897548883297
6.1839851423617835,-4.645826182476229,4.0,0.2344966489510313,10.559686616136704,0.06742491607852913
6.262522167481344,-4.626834195949659,4.0,0.2400862765252471,10.640487357883645,0.07104204925318379
6.3410073898610815,-4.607376632896069,4.0,0.24599989051796314,10.72134851600039,0.07533789273114094
6.419327076016262,-4.587452655523416,4.0,0.2522852108637503,10.802162735750333,0.08033111466206305
6.497366764687549,-4.567059720070326,4.0,0.2589903336240942,10.88282291690749,0.08605130942180404
6.575011689455326,-4.546193695545214,4.0,0.2661641883158073,10.963222701245982,0.09253895819536884
6.652147201354026,-4.524848982465434,4.0,0.27385697219955685,11.043256968733932,0.09984554572703397
6.728659191486474,-4.503018631596395,4.0,0.2821205620576069,11.122822343446135,0.10803380088209787
6.804434513638209,-4.4806944626907095,4.0,0.2910089020155842,11.201817710174373,0.117178021679415
6.879361406891812,-4.457867183227315,4.0,0.30057836352919903,11.280144742674889,0.12736443424529353
6.95332991824126,-4.4345265071506255,4.0,0.31088807063215335,11.35770844443654,0.13869151849310388
7.026232325206228,-4.410661273609646,4.0,0.32200017976898987,11.434417702764668,0.15127020976568714
7.0979635584464456,-4.386259565697117,4.0,0.3339800988361191,11.510185856834902,0.16522385345087465
7.168421624376011,-4.361308829188651,4.0,0.34689662422968137,11.584931280151984,0.18068774679110322
7.237508027777739,-4.335795991281856,4.0,0.36082196755442697,11.658577977518837,0.19780804691426204
7.305128194417479,-4.309707579335482,4.0,0.37583163501766836,11.731056196138432,0.21673975518308963
7.371191893658455,-4.283029839608545,4.0,0.3920041123316533,11.80230304978363,0.23764340527351097
7.435613661075595,-4.255748855999468,4.0,0.4094202962533326,11.872263154013304,0.2606799885511585
7.49831322106986,-4.2278506687852095,4.0,0.4281626010630468,11.940889269110373,0.28600355255790144
7.55921590948258,-4.199321393360397,4.0,0.4483136551400868,12.008142945680222,0.3137508214715411
7.618253096209789,-4.170147338976473,4.0,0.4699544908347779,12.073995165580993,0.34402713714379113
7.675362607816524,-4.1403151274808065,4.0,0.49316212253633906,12.138426967966787,0.37688805663538616
7.730489141999979,-4.109811810636843,4.0,0.5180067971493718,12.201430040189996,0.4123397016083854
7.783584516586422,-4.078624958639028,4.0,0.544551727080603,12.263007134470323,0.4503780049258843
7.834607560319663,-4.0467426862690115,4.0,0.5728525490914886,12.323172159886091,0.49092854587390466
7.883523883593783,-4.014153658151912,4.0,0.6029540688973261,12.381950144168265,0.5338114461214608
7.930305645651607,-3.9808470933973488,4.0,0.634886318109076,12.439377145804992,0.5787168299317079
7.974931321783171,-3.946812770240457,4.0,0.6686601781776091,12.49550010120603,0.6251812030199013
8.017385470524214,-3.912041030682905,4.0,0.7042627214410314,12.550376586308348,0.6725679478084571
8.057658500854643,-3.876522785133918,4.0,0.7416525103264203,12.604074470241272,0.7200561074724396
8.095746439397008,-3.8402495170512934,4.0,0.780755194179212,12.656671438212829,0.7666422851950857
8.131650697614985,-3.8032132875824263,4.0,0.8214598343913603,12.708254362242528,0.811160444510786
8.165377839011843,-3.7654067402053193,4.0,0.863616451288332,12.758918502335705,0.8523232706808731
8.196939346328916,-3.726823105369614,4.0,0.9070352955029927,12.808766527585064,0.8887862812020079
8.226351388744105,-3.6874562051375994,4.0,0.9514882789361354,12.857907356565763,0.9192321175409639
8.253634589070318,-3.647300457825242,4.0,0.9967128425188969,12.906454828819776,0.9424679549448298
8.27881379095396,-3.6063508826431945,4.0,1.0424182951973155,12.954526233158399,0.9575247768687866
8.301917826073426,-3.5646031043378246,4.0,1.0882943602560236,13.002240732340889,0.9637446949510156
8.322979281337544,-3.5220533578322293,4.0,1.1340213628282423,13.0497177354638,0.9608426940522343
8.342034266084072,-3.478698492867253,4.0,1.1792812488955642,13.097075277205551,0.9489325785868918
8.359122179278177,-3.4345359786425145,4.0,1.2237684973432188,13.144428465482367,0.9285128954168381
8.374285476710897,-3.3895639084574194,4.0,1.267200004010503,13.191888055511846,0.9004156859241932
8.387569438197614,-3.343781004352183,4.0,1.3093231758813502,13.239559199205804,0.865727160242924
8.399021934776545,-3.2971866217488475,4.0,1.349921736233293,13.287540405610775,0.8256932093413845
8.408693195907208,-3.249780754092302,4.0,1.3888190483735023,13.335922732757444,0.7816233821994417
8.416635576668904,-3.201564037491308,4.0,1.4258790550115796,13.384789215871582,0.734804878160457
8.42290332495918,-3.1525377553595084,4.0,1.4610051552708607,13.434214523238325,0.6864342839113585
8.427552348692313,-3.1027038430564535,4.0,1.4941374781215835,13.484264820311367,0.637570486954812
8.430639982997791,-3.052064892528623,4.0,1.5252490592689854,13.534997815454217,0.5891084629886401
8.432224757418771,-3.0006241569504373,4.0,1.5543414047294553,13.586462956926773,0.5417710446662418
8.432366163110581,-2.948385555365286,4.0,1.581439852919403,13.63870174989849,0.49611445321865827
8.431124420039174,-2.895353677326541,4.0,1.6065890526615647,13.691748163671445,0.4525431102746846
8.428560244179597,-2.841533787538579,4.0,1.6298487768973082,13.7456291021806,0.41132969886250925
8.424734614714499,-2.7869318304978,4.0,1.6512902042019584,13.800364914529437,0.37263726149321313
8.419708541232575,-2.7315544351336465,4.0,1.670992729168495,13.855969926281647,0.3365410372859353
8.413542830927058,-2.675408919449625,4.0,1.689041310175192,13.912452976084188,0.30304857689901665
8.40629785579419,-2.618503295164324,4.0,1.7055243276626642,13.969817945708304,0.2721173496684366
8.398033319831683,-2.560846272352432,4.0,1.720531904894581,14.028064274641608,0.24366955092207018
8.388808026237236,-2.502447264085762,4.0,1.734154632858763,14.087187452908971,0.21760414489834165
8.378679644606956,-2.4433163910742626,4.0,1.7464826382686538,14.147179487859876,0.19380637248349034
8.367704478133886,-2.38346448630705,4.0,1.757604935859243,14.20802934228349,0.17215504880611218
8.355937230806576,-2.3229030996934013,4.0,1.767609011187351,14.269723342463653,0.15252797033450954
8.343430778920757,-2.261644502331453,4.0,1.7765802892495446,14.332245555232602,0.1347895656061893
8.330236016013568,-2.1997016844386983,4.0,1.7845999189685835,14.395578125499975,0.11877067940532321
8.316401838981989,-2.1370883410948194,4.0,1.7917434094238813,14.459701562859802,0.10430940991822023
8.301975176020177,-2.0738188543745153,4.0,1.79808086937389,14.524594987442455,0.09125816353336703
8.287001015546684,-2.0099082753948667,4.0,1.8036773599233529,14.590236343213036,0.07948308171563793
8.271522435131713,-1.9453723063627193,4.0,1.80859325140036,14.656602582752285,0.06886323833967901
8.25558063042433,-1.8802272826220476,4.0,1.8128845744365258,14.723669827033685,0.05928971436364034
8.239214944079698,-1.8144901547013295,4.0,1.8166033585785901,14.79141350332008,0.0506646236740381
8.222462894686332,-1.748178470360923,4.0,1.8197979542220823,14.859808463945402,0.04290013967416117
8.2053602056933,-1.6813103566404348,4.0,1.8225133354498713,14.928829088423369,0.03591755464956938
8.187940834337478,-1.6139045019060936,4.0,1.824791382641771,14.998449371034825,0.029646391456795314
8.17023700057078,-1.5459801378981255,4.0,1.8266711446222006,15.068642995787547,0.024023578338800623
8.152279215987377,-1.4775570217781213,4.0,1.8281890807291001,15.139383400414008,0.018992691670231716
8.134096312750946,-1.4086554181764146,4.0,1.829379283593753,15.210643830871536,0.014503267419395028
8.1157154725219,-1.339296081239453,4.0,1.830273683674762,15.282397387632582,0.01051017951701571
8.097162255384605,-1.2695002366771706,4.0,1.8309022367329792,15.354617064897894,0.006973081727326428
8.07846062877463,-1.199289563810353,4.0,1.8312930954997515,15.427275783729637,0.0038559087202328
8.059632996405982,-1.128686177618026,4.0,1.8314727668021464,15.50034641998273,0.0011264316237075223
8.040700227198318,-1.0577126107848156,4.0,1.8314662553833951,15.57380182780883,-0.0012441367650269748
8.021681684204198,-0.9863917957483244,4.0,1.8312971956073834,15.647614859416322,-0.0032814918249120294
8.002595253536311,-0.9147470467465045,4.0,1.8309879721719162,15.721758381690178,-0.005008546494715309
7.983457373294704,-0.8428020418650299,4.0,1.8305598308832325,15.796205290205828,-0.006445704369947889
7.964283062494018,-0.7705808050846692,4.0,1.8300329804685604,15.870928521110054,-0.007611100345852949
7.945085949990719,-0.6981076883286588,4.0,1.82942668632754,15.945901061288406,-0.008520812286528855
7.925878303410336,-0.6254073535100734,4.0,1.828759357049273,16.021095957191594,-0.009189046853126402
7.906671058074684,-0.5525047545792022,4.0,1.8280486244509875,16.096486322652037,-0.009628302292629579
7.887473845929113,-0.479425119570919,4.0,1.8273114178276124,16.172045345985495,-0.009849510678803292
7.868295024469716,-0.40619393265205395,4.0,1.8265640330394493,16.247746296640802,-0.00986216181139885
7.849141705670589,-0.3328369161687705,4.0,1.8258221970076827,16.32356253163272,-0.009674410719654969
7.830019784911042,-0.2593800126939335,4.0,1.82510112813472,16.399467501968306,-0.009293170481288127
7.810933969902844,-0.18584936707448463,4.0,1.8244155931180848,16.47543475925551,-0.008724191857548183
7.791887809617449,-0.11227130847881274,4.0,1.8237799605825673,16.551437962663822,-0.007972131057111788
7.772883723213234,-0.038672332444129744,4.0,1.8232082519152426,16.627450886390072,-0.007040606775003966
7.7539230289627294,0.03492091707616011,4.0,1.822714189651463,16.703447427768065,-0.005932247505740728
7.735005973179854,0.10848166566508467,4.0,1.8223112437266453,16.779401616148004,-0.004648730000917088
7.716131759147138,0.181983026394734,4.0,1.8220126758782291,16.855287622660818,-0.003190809629110567
7.697298576042971,0.25539801777888504,4.0,1.821831582454191,16.93107977097296,-0.0015583432990139352
7.67850362786882,0.3286995817256306,4.0,1.8217809358585892,17.006752549129363,0.00024969447583780374
7.659743162376475,0.40186060149000635,4.0,1.821873624840366,17.082280622575286,0.0022352018612551935
7.641012499995271,0.4748539196266186,4.0,1.8221224938086782,17.15763884844235,0.004400945881658933
7.622306062759329,0.54765235594227,4.0,1.822540381335912,17.23280229117927,0.00675056408317235
7.6036174032347805,0.6202287254485891,4.0,1.8231401579878912,17.307746239604356,0.009288571298650846
7.584939233447009,0.6925558563146553,4.0,1.8239347635990824,17.382446225454007,0.012020371148364607
7.566263453807876,0.7646066078196292,4.0,1.8249372440884502,17.456878043499525,0.014952271911011462
7.547581182042957,0.8363538883053757,4.0,1.8261607878884027,17.531017773303446,0.01809150638472905
7.52888278211877,0.9077706731290974,4.0,1.827618762034516,17.604841802686042,0.02144625532501926
7.510157893170017,0.9788300226159553,4.0,1.829324747936763,17.67832685297274,0.025025673993699434
7.491395458426807,1.0495051000116995,4.0,1.831292576823135,17.75145000609395,0.028839921277289786
7.472583754141896,1.1197691894352986,4.0,1.8335363648130725,17.824188733609837,0.03290019073115222
7.453710418517913,1.1895957138315625,4.0,1.8360705475401664,17.89652092773415,0.0372187427730347
7.434762480634599,1.2589582529237717,4.0,1.838909914200238,17.968424934433,0.04180893708155077
7.415726389376031,1.3278305611663062,4.0,1.8420696408510604,18.039879588676506,0.04668526404583153
7.396588042357874,1.3961865856972715,4.0,1.84556532273257,18.11086425192333,0.051863373855659964
7.377332814854587,1.4640004842911247,4.0,1.849413005310103,18.181358851920074,0.05736010150954665
7.3579455887266745,1.531246643311304,4.0,1.8536292136666506,18.25134392489926,0.06319348564346619
7.338410781347912,1.597899695662855,4.0,1.8582309797818608,18.32080066026095,0.06938277863680908
7.31871237453258,1.6639345387450575,4.0,1.8632358671340041,18.389710947823502,0.07594844492572239
7.2988339434627045,1.7293263524040539,4.0,1.8686619919447236,18.458057427728562,0.08291214383878623
7.278758685615274,1.794050616885477,4.0,1.874528040253599,18.525823543083526,0.09029669255816374
7.25846944968948,1.858083130787074,4.0,1.8808532798588207,18.59299359542094,0.0981260039950322
7.2379487645339555,1.9214000290113395,4.0,1.8876575659903991,18.659552803048392,0.10642499344861359
7.217178868074002,1.9839778007181386,4.0,1.8949613393923932,18.725487362353398,0.11521944689589901
7.196141736238817,2.0457933072773318,4.0,1.9027856152803913,18.79078451211524,0.12453584264435258
7.1748191118887386,2.1068238002214104,4.0,1.9111519614105128,18.85543260085862,0.13440111689354634
7.153192533742473,2.1670469391981158,4.0,1.9200824632483808,18.919421157261496,0.14484236253001284
7.131243365304315,2.2264408099230746,4.0,1.929599673964456,18.982740963600584,0.1558864492790789
7.108952823791406,2.2849839421324187,4.0,1.939726546711655,19.0453841321812,0.16755955224086183
7.08630200906094,2.342655327535415,4.0,1.9504863463712119,19.107344184652572,0.17988657496123425
7.063271932537418,2.3994344377670926,4.0,1.9619025376957717,19.168616134053423,0.19289045268941168
7.03984354613987,2.4553012423408727,4.0,1.9739986465520232,19.229196569364486,0.20659132155741067
7.0159977712090855,2.510236226601197,4.0,1.9867980907914131,19.289083742262626,0.2210055403428955
6.9917155274348515,2.564220409676144,4.0,2.0003239771857926,19.34827765567423,0.23614455356381414
6.966977761783185,2.6172353624300704,4.0,2.014598860891337,19.406780153611823,0.25201358827448395
6.941765477423563,2.6692632254162323,4.0,2.029644464092453,19.464595011646217,0.26861018250739105
6.9160597626561575,2.7202867268294098,4.0,2.045481350878391,19.521728027216582,0.2859225512734919
6.889841819839066,2.770289200458539,4.0,2.0621285560759754,19.578187108811946,0.30392780681725506
6.863092994315545,2.8192546036393407,4.0,2.0796031667626864,19.633982362871286,0.32259006375853094
6.835794803341247,2.8671675352069355,4.0,2.097919856575554,19.689126177047225,0.3418584770054323
6.807928965011443,2.914013253448491,4.0,2.1170903747661867,19.743633298264456,0.3616652807626279
6.779477427188269,2.9597776940558314,4.0,2.137122994268685,19.79752090378378,0.3819239200262921
6.7504223964279415,3.0044474880780734,4.0,2.1580219258563766,19.85080866326448,0.4025273905017505
6.720746366908011,3.048009979874253,4.0,2.179786708736329,19.90351878961189,0.423346927025281
6.690432149354576,3.090453245065951,4.0,2.202411591583903,19.95567607621702,0.4442312016178202
6.659462899969526,3.1317661084899213,4.0,2.225884921900964,20.007307918056732,0.4650062067281566
6.6278221493577725,3.1719381621507203,4.0,2.250188565459182,20.058444314044337,0.48547600286210535
6.595493831454473,3.2109597831733234,4.0,2.2752973811491306,20.109117848021043,0.5054244981833556
6.562462312452284,3.2488221517557725,4.0,2.3011787794055767,20.159363645877832,0.5246183966856433
6.528712419728573,3.285517269121785,4.0,2.3277923940737963,20.209219306512985,0.5428113982353113
6.49422947077266,3.3210379754733883,4.0,2.3550898976603887,20.25872480467645,0.5597496574196587
6.458999302113052,3.3553779679435496,4.0,2.3830149879561238,20.3079223642362,0.5751784111406769
6.42300829824467,3.388531818548797,4.0,2.4115035697213534,20.356856301022535,0.5888495735976962
6.386243420556087,3.4204949921418515,4.0,2.440484148367677,20.405572835152093,0.6005299820997242
6.348692236256761,3.4512638643642544,4.0,2.4698784434888825,20.454119873579998,0.610009871831919
6.3103429473042585,3.4808357395989913,4.0,2.499602219122932,20.502546764540096,0.6171110778487725
6.2711844193315,3.5092088689231216,4.0,2.529566315498093,20.550904026462554,0.6216944230771146
6.2312062105739825,3.536382468060406,4.0,2.5596778547145562,20.599243054850945,0.6236657632711116
6.1903986007970255,3.562356735333936,4.0,2.5898415814730518,20.647615811399493,0.6229802285757277
6.148752620222978,3.587132869618754,4.0,2.619961290726694,20.696074500280574,0.6196443232865424
6.106260078458484,3.6107130882944882,4.0,2.649941287990214,20.74467123698586,0.61371570862264
6.0629135934216905,3.6331006451979775,4.0,2.679687825674711,20.793457715329268,0.6053006788345693
6.018706620269492,3.654299848575897,4.0,2.709110460494116,20.84248487819984,0.5945495257321498
5.9736334803247555,3.674316079037387,4.0,2.7381232825205832,20.89180259739249,0.581650147779972
5.927689390001644,3.6931558075043176,4.0,2.7666459760571107,20.941459367367248,0.5668205659664188
5.880870488147289,3.7108266112111274,4.0,2.794604852762324,20.991502017921473,0.5503098226757744
5.8331738475303,3.7273371701797244,4.0,2.821934205378039,21.041975457308954,0.5323920241410386
5.784597465551629,3.7426972381043853,4.0,2.848576968857921,21.09292245499074,0.5133433367453023
5.735140250918479,3.756917608264707,4.0,2.8744848036211765,21.14438345971049,0.49343303766621577
5.684802010278117,3.7700100793891678,4.0,2.899617963983779,21.196396451077185,0.47291705374037063
5.633583434851673,3.7819874215186813,4.0,2.9239449915972835,21.24899682363482,0.4520329319174357
5.581486087067944,3.79286334187015,4.0,2.9474422676137557,21.302217301738555,0.43099625957475796
5.5285123871972095,3.8026524507000237,4.0,2.970093458127159,21.356087883039276,0.4099984548330252
5.474665599985031,3.8113702271678576,4.0,2.9918888861334567,21.41063580801921,0.38920577672100504
5.419949821286054,3.8190329851998595,4.0,3.012824860353839,21.4658855528086,0.3687593625478888
5.364369964697817,3.8256578393524556,4.0,3.032902987333848,21.52185884242885,0.34877608200205473
5.307931748194559,3.831262670675837,4.0,3.0521294887693307,21.578574681629483,0.32934999935689946
5.2506416807610155,3.83586609257752,4.0,3.0705145414340653,21.636049400591343,0.3105542511515199
5.192507049026244,3.839487416685908,4.0,3.088071652707207,21.694296712934793,0.2924431714935041
5.133535903897408,3.842146618713835,4.0,3.1048170807339153,21.753327783679204,0.27505452615490705
5.073737047193594,3.8438643043221288,4.0,3.1207693048225456,21.813151305031028,0.2584117463870855
5.013120018279616,3.844661674983167,4.0,3.1359485488369168,21.873773578118804,0.24252608141470441
4.951695080699815,3.8445604938444315,4.0,-3.13280894910103,21.935198599032965,0.22739861338442374
4.889473208811872,3.84358305159206,4.0,-3.1191100787485517,21.9974281477586,0.21302209940789818
4.826466074420611,3.8417521323144084,4.0,-3.1061170218853538,22.060461878804762,0.19938262208650398
4.7626860334118035,3.8390909793656043,4.0,-3.0938062981813577,22.12429741253091,0.1864610427497815
4.698146112385975,3.835623261229101,4.0,-3.082154304299224,22.18893042634811,0.17423426101673647
4.632859995292205,3.8313730373812334,4.0,-3.0711375072148437,22.254354745128964,0.16267629073843048
4.566842010061946,3.8263647241547774,4.0,-3.0607326030413695,22.32056243029645,0.1517591664620288
4.500107115242818,3.8206230606025016,4.0,-3.0509166453630128,22.387543867179126,0.14145369679895117
4.432670886632407,3.814173074360724,4.0,-3.041667146884736,22.455287850319436,0.13173008194986016
4.364549503912093,3.807040047512869,4.0,-3.0329621579394455,22.52378166650557,0.12255841252987167
4.295759737280834,3.7992494824530225,4.0,-3.0247803250932006,22.593011175366566,0.1139090660662352
4.226318934088987,3.790827067749486,4.0,-3.017100932772345,22.66296088742721,0.10575301635560162
4.1562450054721,3.781798644008337,4.0,-3.0099039305196453,22.733614039565346,0.09806206945543988
4.085556412984731,3.77219016973698,4.0,-3.0031699481801355,22.80495266785093,0.09080903857984242
4.014272155234239,3.762027687207702,4.0,-2.996880301028389,22.876957677775216,0.08396786866838854
3.9424117545146036,3.751337288321232,4.0,-2.991016986581704,22.94960891190058,0.07751371996049945
3.8699952434402203,3.7401450804702954,4.0,-2.985562674600172,23.022885214978484,0.07142301857520215
3.7970431515797074,3.7284771524031672,4.0,-2.980500691555526,23.096764496595217,0.06567348088810486
3.7235764920897236,3.716359540087232,4.0,-2.9758150006555724,23.171223791413638,0.060244117421795196
3.6496167483487527,3.703818192572537,4.0,-2.971490178338719,23.246239317084758,0.05511522102236716
3.5751858605909255,3.6908789378553464,4.0,-2.967511388002116,23.321786529905978,0.05026834327741112
3.5003062125398205,3.677567448741701,4.0,-2.9638643515953267,23.397840178304197,0.04568626243028414
3.425000618042267,3.663909208710972,4.0,-2.9605353195974264,23.47437435422167,0.041352945450861496
3.349292307702154,3.6499294777794153,4.0,-2.9575110397969966,23.551362542481126,0.03725350642267107
3.273204915514233,3.6356532583637304,4.0,-2.954778725209854,23.628777668204485,0.03337416298889844
3.1967624654979265,3.6211052611446126,4.0,-2.952326021396774,23.706592142356683,0.029702192254386504
3.119989358331128,3.6063098709303114,4.0,-2.9501409733813455,23.78477790548296,0.026225887257477813
3.042910357984015,3.591291112520185,4.0,-2.9482119923149606,23.863306469704472,0.02293451489540727
2.96555057835285,3.5760726165682573,4.0,-2.946527821990504,23.94214895903365,0.01981827600203403
2.887935469893786,3.560677585446774,4.0,-2.9450775052673683,24.02127614806715,0.016868268130137733
2.8100908062566736,3.5451287591097524,4.0,-2.9438503504369447,24.100658499110907,0.0140764514763817
2.7320426709188643,3.529448380956547,4.0,-2.9428358975288096,24.180266197788463,0.011435618300367007
2.65381744381902,3.5136581636953976,4.0,-2.942023884532602,24.260069187180946,0.008939366125774829
2.5754417879909126,3.497779255206988,4.0,-2.941404213488374,24.340037200544224,0.006582074967960596
2.496942636197237,3.4818322044080032,4.0,-2.940966916378302,24.42013979264655,0.004358888805709193
2.4183471775634064,3.465836927114678,4.0,-2.9407021207345814,24.500346369768085,0.0022657015029539716
2.3396828442113704,3.4498126719063644,4.0,-2.940600014861461,24.580626218402106,0.00029914738737096147
2.2609772978934104,3.433777985989077,4.0,-2.940650812553384,24.660948532696917,-0.0015434032943885839
2.1822584166259498,3.417750681059054,4.0,-2.9408447171755094,24.7412824406768,-0.003263843801336208
2.1035542813233574,3.4017477991663125,4.0,-2.9411718849572366,24.82159702928063,-0.004863324925062996
2.024893162431754,3.3857855785782007,4.0,-2.941622387333267,24.90186136825743,-0.006342243297021515
1.9463035065628196,3.3698794196429604,4.0,-2.9421861721499125,24.982044532959694,-0.007700223599558813
1.8678139231275959,3.3540438506532744,4.0,-2.942853023536393,25.062115626077386,-0.008936094238529148
1.789453170970292,3.33829249370983,4.0,-2.9436125202214707,25.142043798358618,-0.010047855958123554
1.7112501450020938,3.3226380305848697,4.0,-2.944453992054487,25.22179826836697,-0.011032642788635494
1.6332338628349632,3.307092168585748,4.0,-2.9453664744664336,25.30134834133034,-0.011886674613837635
1.5554334514154495,3.2916656064184906,4.0,-2.9463386605805915,25.38066342714222,-0.012605200524723914
1.477878133658492,3.276368000051344,4.0,-2.947358850653226,25.459713057583777,-0.013182431988493417
1.4005972150812256,3.2612079285783344,4.0,-2.9484148984922642,25.53846690284363,-0.013611464703347764
1.3236200704367866,3.246192860082825,4.0,-2.949494154465421,25.616894787422623,-0.013884187828086612
1.2469761303481202,3.231329117501074,4.0,-2.950583404668356,25.69496670552287,-0.013991179067346917
1.1706948679417815,3.21662184448578,4.0,-2.9516688057776,25.77265283603438,-0.013921583854947744
1.0948057854817448,3.202074971269647,4.0,-2.9527358150616316,25.849923557248772,-0.01366297660506481
1.0193384010032085,3.187691180528939,4.0,-2.9537691149660863,25.926749461448487,-0.013201201689380458
0.9443222349463992,3.173471873247032,4.0,-2.9547525316250223,26.003101369541476,-0.012520191443135468
0.8697867967903792,3.1594171345779736,4.0,-2.9556689465789283,26.078950345936452,-0.011601758099193343
0.7957615716868488,3.145525699710037,4.0,-2.956500200901309,26.154267713882486,-0.010425356091947622
0.7222760070939569,3.1317949197292765,4.0,-2.957226990848751,26.22902507152985,-0.00896781065775747
0.6493594994101015,3.118220727483084,4.0,-2.9578287540543022,26.30319430900703,-0.007203008082296982
0.5770413806077372,3.1047976034437452,4.0,-2.958283545180847,26.376747626852577,-0.005101542306469902
0.505350904867182,3.0915185415719915,4.0,-2.9585678998405385,26.449657556190775,-0.002630311903519167
0.4343172352104207,3.0783750151805642,4.0,-2.9586566854695278,26.52189698109787,0.0002479393117550952
0.3639694301349106,3.06535694279776,4.0,-2.958522937726445,26.59343916367225,0.003575145569149779
0.29433643024738965,3.052452654030992,4.0,-2.9581376808619573,26.66425777239843,0.0073985146484279556
0.22544704489767808,3.0396488554303494,4.0,-2.957469730390824,26.734326914482992,0.011771204684560612
0.15732993881248664,3.0269305963521447,4.0,-2.956485476295503,26.80362117294213,0.0167530919957793
0.09001361872922226,3.014281234822475,4.0,-2.955148644913573,26.87211564933739,0.022411640070426786
0.023526420029791092,3.0016824034007765,4.0,-2.953420037627291,26.93978601319107,0.028822879860891184
-0.04210350662559448,2.989113975043378,4.0,-2.95125724450676,27.006608559267722,0.036072510892346796
-0.10684820866460908,2.976554028967065,4.0,-2.948614331192447,27.072560274086676,0.044257131035139646
-0.17067994496901057,2.963978816512622,4.0,-2.9454414975848824,27.137618913235592,0.05348559958907023
-0.23357119924083494,2.9513627270084,4.0,-2.9416847074036423,27.20176309128989,0.06388053284428831
-0.29549469336858425,2.9386782536338676,4.0,-2.93728528847124,27.264972386411564,0.07557992247874919
-0.35642340079344026,2.9258959592831633,4.0,-2.9321795047879,27.327227462006505,0.08873885358882982
-0.4163305598754319,2.9129844424286593,4.0,-2.926298103247078,27.388510208165265,0.10353127886397283
-0.4751896872596483,2.8999103029845092,4.0,-2.91956584040589,27.448803906000414,0.12015177576732498
-0.5329745912424287,2.886638108170211,4.0,-2.911900998338902,27.508093418424515,0.1388171710906236
-0.5896593851375554,2.8731303583741554,4.0,-2.9032149036132697,27.566365411384133,0.15976785744225153
-0.6452185006424493,2.8593474530171883,4.0,-2.893411470261019,27.623608610069788,0.1832685435679753
-0.6996267012043658,2.8452476564161624,4.0,-2.8823867968171246,27.67981409514532,0.20960806841063603
-0.752859095386586,2.8307870636474934,4.0,-2.8700288596541004,27.734975644557867,0.23909776056052562
-0.8048911502346154,2.815919566410719,4.0,-2.856217360643616,27.789090126961323,0.2720676340978623
-0.8556987046423736,2.80059681889205,4.0,-2.840823807257378,27.84215795315025,0.3088594759418404
-0.9052579827183926,2.784768203627927,4.0,-2.8237119280459546,27.894183592066035,0.34981560368617937
-0.9535456071520098,2.76838079736858,4.0,-2.804738556008185,27.945176157772725,0.39526177690374986
-1.0005386125795628,2.7513793369415813,4.0,-2.783755145771532,27.995150073126286,0.4454824764448234
-1.0462144589505837,2.7337061851154014,4.0,-2.7606101252216084,28.044125814439514,0.5006866159102735
-1.0905510448939928,2.715301296462961,4.0,-2.7351523131477604,28.092130738972585,0.5609618703393118
-1.1335267210842954,2.696102183225196,4.0,-2.7072356527409727,28.139199993195806,0.6262164317627867
-1.1751203036077733,2.6760438811746057,4.0,-2.676725502547352,28.18537749408412,0.6961084428800776
-1.2153110873286828,2.6550589154788096,4.0,-2.643506672269815,28.23071696784986,0.7699659732387991
-1.254078859277542,2.633077267888345,4.0,-2.607493450048277,28.27528301964571,0.8466811457065516
-1.2914039137046218,2.610026443712382,4.0,-2.568646326267967,28.31915214527155,0.9244288422977404
-1.3272670746688353,2.5858319903597287,4.0,-2.526994012512368,28.36241341995664,1.0007433465819855
-1.361649723758977,2.5604183234392552,4.0,-2.4826462961904583,28.405168782483468,1.0727153585305444
-1.394533828255489,2.5337095792597695,4.0,-2.4358018662004186,28.447532934123537,1.1371497015417147
-1.4259019692924935,2.5056304673453,4.0,-2.3867511247171347,28.489632777330165,1.1908141079426127
-1.4557373700198157,2.476107122950382,4.0,-2.3358722144182718,28.531606328535904,1.230761409436732
-1.4840239237650148,2.4450679595753395,4.0,-2.2836191793354903,28.57360107565745,1.2546786862903507
-1.5107462221954122,2.412444521481569,4.0,-2.2305023481292765,28.6157717994651,1.261196053156419
-1.5358895834801165,2.378172336206827,4.0,-2.177062457444033,28.658277931966182,1.2500844200013503
-1.5594400804520516,2.3421917670805046,4.0,-2.1238413376794183,28.701280574469628,1.2222917838426803
-1.581384568769987,2.3044488657389204,4.0,-2.071352749713477,28.74493933268853,1.1798069791298094
-1.601710715080564,2.2648962246406033,4.0,-2.0200569240465978,28.78940913864371,1.1253840294926112
-1.6204070251803218,2.2234938295815656,4.0,-1.9703415263636985,28.83483721727324,1.0621921712076343
-1.6374628721777278,2.1802099122106027,4.0,-1.9225104397446033,28.881360323572963,0.9934654843623713
-1.6528685246552046,2.1350218025445638,4.0,-1.8767803322986976,28.929102332154994,0.9222123290878494
-1.666615174831156,2.0879167814836403,4.0,-1.833283842088566,28.978172214977455,0.8510179533599443
-1.6786949667219973,2.038892933326652,4.0,-1.7920775600948635,29.02866240273949,0.7819457434208427
-1.6891010243041815,1.987959998286327,4.0,-1.7531528352035455,29.080647495854976,0.7165222521018524
-1.6978274796762274,1.9351402250045868,4.0,-1.7164476381424092,29.13418327335839,0.6557813274300084
-1.7048695012207469,1.8804692230678286,4.0,-1.6818581323168482,29.189305941292755,0.6003418229773785
-1.710223321766473,1.8239968155222106,4.0,-1.649249057307477,29.246031563443896,0.5504979570410137
-1.7138862667502883,1.765787891388937,4.0,-1.618462435918076,29.3043556237853,0.5063079651443249
-1.7158567823792517,1.7059232581795378,4.0,-1.5893244217973954,29.364252679148144,0.4676729471289448
-1.7161344637882883,1.6445004943338761,4.0,-1.5616503035215086,29.42567607066477,0.43440281831202493
-1.7147200783240624,1.5816347148321799,4.0,-1.535247689226678,29.48855775892612,0.40626901934673004
-1.7116155366190513,1.5174584067011294,4.0,-1.509918991433137,29.552809114589092,0.38300056770614443
-1.7068237916482765,1.4521199815469386,4.0,-1.4854653284826316,29.618323010988977,0.36429030310065696
-1.700348722952315,1.3857820638290612,4.0,-1.4616895354120032,29.68497618677049,0.34983511573194126
-1.6921950206917262,1.318619776130624,4.0,-1.438397597126194,29.752631605987595,0.3393629128058789
-1.6823680697014873,1.2508190244288617,4.0,-1.4153989523158534,29.821140808997765,0.3326484220052385
-1.670873833545413,1.182574783365546,4.0,-1.392506033033183,29.89034625606026,0.3295216565419921
-1.657718738570592,1.114089381517422,4.0,-1.3695333156474911,29.96008366919048,0.32987170583960845
-1.6429095579618143,1.045570786666641,4.0,-1.3462960935031363,30.030184380104345,0.333647563911412
-1.626453295795998,0.9772308910711921,4.0,-1.3226091390130195,30.100477693402745,0.34085694684422624
-1.6083570710966202,0.9092837967353347,4.0,-1.2982854012823175,30.17079327472763,0.3515634289870724
-1.5886280018881462,0.8419441006800342,4.0,-1.273134883039638,30.240963573548804,0.36588168319198194
-1.5672730892504565,0.7754251802133925,4.0,-1.246963856648094,30.31082628945515,0.38397008664839954
-1.5442991013732794,0.7099374782010819,4.0,-1.2195746127848304,30.38022688911995,0.4060194059208761
-1.5197124576106142,0.6456867883367778,4.0,-1.190765986473652,30.449021178123843,0.4322356810515177
-1.4935191125351686,0.5828725404125927,4.0,-1.1603349718213383,30.517077927006834,0.4628148082111527
-1.4657244399927791,0.521686085589508,4.0,-1.1280798142846702,30.58428154354312,0.4979057640970555
-1.4363331171568452,0.4623089816678067,4.0,-1.0938050469090805,30.650534772356323,0.5375591314024463
-1.4053490085827582,0.4049112783575086,4.0,-1.057328994229353,30.715761387548497,0.5816579558695221
-1.3727750512741272,0.34964980703144266,4.0,-1.018494116627161,30.77990881857941,0.629842755778281
-1.33861319957968,0.296666735550191,4.0,-0.9771767617865919,30.84295037610126,0.6815379738509347
-1.302864611013501,0.24608919046592953,4.0,-0.9332941923470744,30.904886227199185,0.7358965054308239
-1.2655299797252682,0.19802953337004875,4.0,-0.8868157050220621,30.96574348094598,0.7917068318240897
-1.2266098809318007,0.15258568580338622,4.0,-0.8377753459704038,31.0255758916592,0.8473574024987723
-1.1861051153512927,0.10984145417837501,4.0,-0.7862841935960831,31.08446311754007,0.9008444759917569
-1.1440170536375482,0.06986685470119433,4.0,-0.7325404579022332,31.142509422695362,0.9498421883614445
-1.1003479808142183,0.03271843829392046,4.0,-0.676835303569384,31.199841723912193,0.9918475313985479
-1.0551014407090349,-0.0015603844833237959,4.0,-0.6195522958181521,31.256606916437928,1.0243983472462082
-1.0082825803880486,-0.03293901851021889,4.0,-0.5611588667246385,31.312968466763923,1.0453412440125958
-0.9598984945898626,-0.0613993591840978,4.0,-0.5021892632552084,31.369102331318214,1.0531045787178492
-0.9099585701598679,-0.08693546749779632,4.0,-0.44321992433903085,31.42519233827028,1.0469187510771871
-0.8584748304844787,-0.10955324511750267,4.0,-0.38483978401768637,31.481425240697753,1.0269304265315244
-0.8054622799253699,-0.1292701094606073,4.0,-0.32761913828202077,31.537985697346425,0.9941808188869117
-0.7509392482537096,-0.1461146687735525,4.0,-0.27208105348748013,31.595051450308393,0.9504533521222542
-0.6949277350843982,-0.16012639720968255,4.0,-0.21867871198583502,31.652788943683873,0.8980291383263044
-0.6374537543103,-0.1713553099070931,4.0,-0.16778079433352772,31.71134956993042,0.8394071294360296
-0.5785476785364815,-0.1798616380664816,4.0,-0.11966542183541358,31.770866654719796,0.7770446405401535
-0.5182445835144459,-0.18571550402899606,4.0,-0.07452178695796816,31.831453212766476,0.7131574004232653
-0.4565845925763681,-0.1889965963540858,4.0,-0.03245768731368916,31.893200439824295,0.6495956698257466
