-10.6149632,0.8391442,8.4649227
-10.5673512,0.8233794,8.4812035
-10.5197723,0.8076260,8.4974844
-10.4722260,0.7918839,8.5137653
-10.4247121,0.7761529,8.5300461
-10.3772301,0.7604329,8.5463270
-10.3297799,0.7447235,8.5626078
-10.2823610,0.7290247,8.5788887
-10.2349731,0.7133361,8.5951696
-10.1876159,0.6976577,8.6114504
-10.1402890,0.6819893,8.6277313
-10.0927187,0.6662400,8.6436946
-10.0451516,0.6504916,8.6596270
-9.9976139,0.6347526,8.6755594
-9.9501051,0.6190230,8.6914919
-9.9026247,0.6033025,8.7074243
-9.8551721,0.5875910,8.7233567
-9.8077469,0.5718882,8.7392892
-9.7603484,0.5561940,8.7552216
-9.7129763,0.5405082,8.7711540
-9.6656300,0.5248305,8.7870865
-9.6180847,0.5090867,8.8027133
-9.5705357,0.4933413,8.8183011
-9.5230113,0.4776038,8.8338888
-9.4755109,0.4618738,8.8494765
-9.4280341,0.4461514,8.8650642
-9.3805805,0.4304363,8.8806519
-9.3331495,0.4147284,8.8962397
-9.2857406,0.3990275,8.9118274
-9.2383534,0.3833335,8.9274151
-9.1909873,0.3676462,8.9430028
-9.1434543,0.3519033,8.9582783
-9.0959242,0.3361611,8.9735247
-9.0484139,0.3204252,8.9887711
-9.0009230,0.3046955,9.0040175
-8.9534509,0.2889717,9.0192639
-8.9059971,0.2732538,9.0345103
-8.8585612,0.2575416,9.0497567
-8.8111426,0.2418349,9.0650031
-8.7637408,0.2261336,9.0802495
-8.7163553,0.2104375,9.0954959
-8.6688313,0.1946954,9.1104083
-8.6213205,0.1789575,9.1253159
-8.5738245,0.1632243,9.1402236
-8.5263430,0.1474958,9.1551312
-8.4788753,0.1317718,9.1700389
-8.4314210,0.1160520,9.1849466
-8.3839795,0.1003365,9.1998542
-8.3365503,0.0846250,9.2147619
-8.2891330,0.0689173,9.2296695
-8.2417173,0.0532102,9.2445469
-8.1942148,0.0374742,9.2591176
-8.1467227,0.0217417,9.2736884
-8.0992403,0.0060124,9.2882592
-8.0517673,-0.0097137,9.3028300
-8.0043030,-0.0254369,9.3174008
-7.9568470,-0.0411574,9.3319716
-7.9093987,-0.0568752,9.3465423
-7.8619576,-0.0725905,9.3611131
-7.8145233,-0.0883035,9.3756839
-7.7670827,-0.1040185,9.3901821
-7.7196028,-0.1197463,9.4044173
-7.6721281,-0.1354723,9.4186525
-7.6246580,-0.1511966,9.4328878
-7.5771921,-0.1669193,9.4471230
-7.5297297,-0.1826407,9.4613582
-7.4822703,-0.1983609,9.4755935
-7.4348135,-0.2140801,9.4898287
-7.3873587,-0.2297983,9.5040639
-7.3399053,-0.2455158,9.5182991
-7.2924506,-0.2612336,9.5324157
-7.2449919,-0.2769523,9.5463163
-7.1975331,-0.2926709,9.5602169
-7.1500737,-0.3083894,9.5741175
-7.1026131,-0.3241079,9.5880181
-7.0551508,-0.3398268,9.6019187
-7.0076863,-0.3555460,9.6158193
-6.9602191,-0.3712659,9.6297199
-6.9127486,-0.3869865,9.6436206
-6.8652742,-0.4027081,9.6575212
-6.8178176,-0.4184234,9.6712567
-6.7703785,-0.4341326,9.6848233
-6.7229341,-0.4498432,9.6983900
-6.6754838,-0.4655555,9.7119567
-6.6280270,-0.4812695,9.7255234
-6.5805631,-0.4969855,9.7390901
-6.5330918,-0.5127037,9.7526567
-6.4856124,-0.5284242,9.7662234
-6.4381244,-0.5441471,9.7797901
-6.3906273,-0.5598728,9.7933568
-6.3431807,-0.5755814,9.8067151
-6.2957601,-0.5912810,9.8199484
-6.2483288,-0.6069838,9.8331818
-6.2008862,-0.6226900,9.8464151
-6.1534319,-0.6383998,9.8596484
-6.1059653,-0.6541134,9.8728817
-6.0584859,-0.6698309,9.8861150
-6.0109931,-0.6855525,9.8993483
-5.9634864,-0.7012785,9.9125816
-5.9159652,-0.7170089,9.9258149
-5.8685384,-0.7327079,9.9388026
-5.8211355,-0.7483986,9.9517019
-5.7737167,-0.7640945,9.9646011
-5.7262813,-0.7797957,9.9775004
-5.6788290,-0.7955023,9.9903996
-5.6313591,-0.8112146,10.0032989
-5.5838711,-0.8269329,10.0161982
-5.5363646,-0.8426573,10.0290974
-5.4888389,-0.8583881,10.0419967
-5.4412935,-0.8741254,10.0548959
-5.3938920,-0.8898151,10.0675168
-5.3465072,-0.9054995,10.0800743
-5.2991013,-0.9211910,10.0926318
-5.2516738,-0.9368899,10.1051894
-5.2042242,-0.9525964,10.1177469
-5.1567519,-0.9683108,10.1303045
-5.1092564,-0.9840333,10.1428620
-5.0617373,-0.9997640,10.1554195
-5.0141939,-1.0155033,10.1679771
-4.9666257,-1.0312514,10.1805346
-4.9192489,-1.0469367,10.1643626
-4.8718841,-1.0626187,10.1432002
-4.8244932,-1.0783099,10.1220379
-4.7770756,-1.0940106,10.1008755
-4.7296308,-1.1097210,10.0797131
-4.6821583,-1.1254412,10.0585508
-4.6346575,-1.1411715,10.0373884
-4.5871278,-1.1569120,10.0162260
-4.5395688,-1.1726630,9.9950637
-4.4919798,-1.1884245,9.9739013
-4.4446171,-1.2041118,9.9455191
-4.3972742,-1.2197931,9.9157180
-4.3499000,-1.2354852,9.8859169
-4.3024941,-1.2511881,9.8561158
-4.2550558,-1.2669019,9.8263148
-4.2075846,-1.2826266,9.7965137
-4.1600798,-1.2983623,9.7667126
-4.1125410,-1.3141090,9.7369115
-4.0649676,-1.3298667,9.7071104
-4.0173589,-1.3456356,9.6773093
-3.9699863,-1.3613255,9.6477522
-3.9226660,-1.3769971,9.6182745
-3.8753091,-1.3926793,9.5887968
-3.8279148,-1.4083719,9.5593190
-3.7804824,-1.4240749,9.5298413
-3.7330112,-1.4397879,9.5003636
-3.6855003,-1.4555109,9.4708859
-3.6379491,-1.4712436,9.4414082
-3.5903568,-1.4869858,9.4119305
-3.5427227,-1.5027374,9.3824528
-3.4952941,-1.5184162,9.3533024
-3.4479905,-1.5340481,9.3243735
-3.4006436,-1.5496878,9.2954446
-3.3532528,-1.5653346,9.2665157
-3.3058172,-1.5809878,9.2375868
-3.2583361,-1.5966468,9.2086579
-3.2108088,-1.6123107,9.1797289
-3.1632346,-1.6279790,9.1508000
-3.1156127,-1.6436508,9.1218711
-3.0679423,-1.6593255,9.0929422
-3.0203858,-1.6749489,9.0643456
-2.9730840,-1.6904739,9.0363687
-2.9257321,-1.7059995,9.0083918
-2.8783290,-1.7215248,8.9804149
-2.8308737,-1.7370491,8.9524380
-2.7833651,-1.7525715,8.9244611
-2.7358022,-1.7680912,8.8964842
-2.6881840,-1.7836074,8.8685073
-2.6405092,-1.7991192,8.8405303
-2.5927770,-1.8146259,8.8125534
-2.5449865,-1.8301264,8.7845772
-2.4976833,-1.8454432,8.7581344
-2.4503199,-1.8607521,8.7316917
-2.4028947,-1.8760521,8.7052489
-2.3554055,-1.8913422,8.6788062
-2.3078508,-1.9066211,8.6523634
-2.2602284,-1.9218879,8.6259207
-2.2125367,-1.9371413,8.5994779
-2.1647738,-1.9523802,8.5730352
-2.1169378,-1.9676037,8.5465925
-2.0690268,-1.9828105,8.5201497
-2.0213771,-1.9978926,8.4948195
-1.9739488,-2.0128610,8.4704675
-1.9264450,-2.0278067,8.4461156
-1.8788661,-2.0427265,8.4217636
-1.8312121,-2.0576169,8.3974116
-1.7834831,-2.0724750,8.3730596
-1.7356795,-2.0872973,8.3487076
-1.6878013,-2.1020807,8.3243556
-1.6398486,-2.1168220,8.3000037
-1.5918217,-2.1315179,8.2756517
-1.5437207,-2.1461651,8.2512997
-1.4960516,-2.1606077,8.2289686
-1.4483532,-2.1749840,8.2068049
-1.4005847,-2.1893041,8.1846411
-1.3527473,-2.2035651,8.1624774
-1.3048421,-2.2177641,8.1403137
-1.2568703,-2.2318986,8.1181500
-1.2088329,-2.2459655,8.0959863
-1.1607312,-2.2599622,8.0738226
-1.1125663,-2.2738859,8.0516588
-1.0643393,-2.2877337,8.0294951
-1.0161228,-2.3014826,8.0076755
-0.9681456,-2.3150661,7.9872946
-0.9201105,-2.3285671,7.9669137
-0.8720187,-2.3419832,7.9465328
-0.8238712,-2.3553120,7.9261519
-0.7756691,-2.3685511,7.9057710
-0.7274134,-2.3816981,7.8853902
-0.6791052,-2.3947506,7.8650093
-0.6307456,-2.4077062,7.8446284
-0.5823357,-2.4205625,7.8242475
-0.5338765,-2.4333171,7.8038666
-0.4854441,-2.4459482,7.7839460
-0.4370877,-2.4584416,7.7647776
-0.3886862,-2.4708274,7.7456091
-0.3402410,-2.4831034,7.7264406
-0.2917535,-2.4952676,7.7072722
-0.2432254,-2.5073178,7.6881037
-0.1946579,-2.5192520,7.6689352
-0.1460526,-2.5310680,7.6497668
-0.0974109,-2.5427637,7.6305983
-0.0487344,-2.5543371,7.6114298
-0.0000244,-2.5657860,7.5922614
0.0487098,-2.5771064,7.5734996
0.0974672,-2.5882967,7.5551100
0.1462533,-2.5993566,7.5367204
0.1950665,-2.6102842,7.5183307
0.2439050,-2.6210775,7.4999411
0.2927672,-2.6317347,7.4815515
0.3416513,-2.6422539,7.4631619
0.3905558,-2.6526331,7.4447723
0.4394789,-2.6628705,7.4263827
0.4884190,-2.6729642,7.4079931
0.5373743,-2.6829122,7.3896035
0.5864607,-2.6927360,7.3719029
0.6356191,-2.7024215,7.3545551
0.6847874,-2.7119550,7.3372073
0.7339636,-2.7213348,7.3198596
0.7831456,-2.7305592,7.3025118
0.8323317,-2.7396264,7.2851641
0.8815197,-2.7485349,7.2678163
0.9307077,-2.7572829,7.2504685
0.9798938,-2.7658688,7.2331208
1.0290759,-2.7742909,7.2157730
1.0782522,-2.7825475,7.1984253
1.1277417,-2.7906893,7.1817424
1.1772824,-2.7986700,7.1651865
1.2268106,-2.8064783,7.1486306
1.2763240,-2.8141126,7.1320746
1.3258203,-2.8215717,7.1155187
1.3752973,-2.8288542,7.0989628
1.4247527,-2.8359587,7.0824069
1.4741841,-2.8428839,7.0658510
1.5235894,-2.8496284,7.0492951
1.5729662,-2.8561909,7.0327392
1.6223734,-2.8625779,7.0162436
1.6722877,-2.8688466,7.0002820
1.7221657,-2.8749251,6.9843203
1.7720045,-2.8808125,6.9683587
1.8218017,-2.8865077,6.9523971
1.8715547,-2.8920098,6.9364354
1.9212609,-2.8973178,6.9204738
1.9709176,-2.9024308,6.9045122
2.0205223,-2.9073477,6.8885505
2.0700723,-2.9120676,6.8725889
2.1195652,-2.9165895,6.8566273
2.1694099,-2.9209477,6.8408846
2.2196139,-2.9251373,6.8253671
2.2697503,-2.9291200,6.8098497
2.3198164,-2.9328952,6.7943322
2.3698093,-2.9364625,6.7788148
2.4197260,-2.9398214,6.7632973
2.4695638,-2.9429715,6.7477799
2.5193197,-2.9459123,6.7322624
2.5689908,-2.9486433,6.7167450
2.6185743,-2.9511640,6.7012275
2.6681328,-2.9534769,6.6857307
2.7186104,-2.9556190,6.6705529
2.7689874,-2.9575407,6.6553752
2.8192607,-2.9592423,6.6401974
2.8694274,-2.9607240,6.6250196
2.9194843,-2.9619858,6.6098419
2.9694284,-2.9630279,6.5946641
3.0192565,-2.9638506,6.5794863
3.0689658,-2.9644540,6.5643086
3.1185530,-2.9648383,6.5491308
3.1680152,-2.9650036,6.5339530
3.2184771,-2.9649465,6.5190165
3.2689982,-2.9646596,6.5041220
3.3193781,-2.9641439,6.4892275
3.3696138,-2.9634001,6.4743330
3.4197022,-2.9624293,6.4594386
3.4696404,-2.9612324,6.4445441
3.5194251,-2.9598102,6.4296496
3.5690536,-2.9581638,6.4147552
3.6185226,-2.9562941,6.3998607
3.6678292,-2.9542021,6.3849662
3.7183856,-2.9518187,6.3703168
3.7689047,-2.9491950,6.3556918
3.8192423,-2.9463393,6.3410669
3.8693959,-2.9432536,6.3264419
3.9193627,-2.9399395,6.3118169
3.9691403,-2.9363991,6.2971920
4.0187259,-2.9326343,6.2825670
4.0681170,-2.9286468,6.2679420
4.1173108,-2.9244386,6.2533170
4.1667825,-2.9199673,6.2387715
4.2173137,-2.9151513,6.2244375
4.2676266,-2.9101049,6.2101036
4.3177198,-2.9048307,6.1957696
4.3675916,-2.8993309,6.1814356
4.4172407,-2.8936080,6.1671016
4.4666656,-2.8876643,6.1527676
4.5158648,-2.8815023,6.1384336
4.5648368,-2.8751241,6.1240996
4.6135801,-2.8685323,6.1097656
4.6638794,-2.8614743,6.1014299
4.7139869,-2.8541840,6.0932820
4.7638466,-2.8466725,6.0851341
4.8134586,-2.8389430,6.0769862
4.8628229,-2.8309988,6.0688384
4.9119398,-2.8228430,6.0606905
4.9608092,-2.8144788,6.0525426
5.0094313,-2.8059097,6.0443948
5.0578193,-2.7971363,6.0362618
5.1077487,-2.7878262,6.0301783
5.1574164,-2.7783055,6.0240949
5.2068267,-2.7685773,6.0180115
5.2559840,-2.7586449,6.0119281
5.3048926,-2.7485113,6.0058447
5.3535566,-2.7381798,5.9997613
5.4019805,-2.7276535,5.9936779
5.4501684,-2.7169356,5.9875945
5.4986958,-2.7058979,5.9816018
5.5479626,-2.6944414,5.9757643
5.5969922,-2.6827893,5.9699268
5.6457893,-2.6709437,5.9640893
5.6943587,-2.6589067,5.9582519
5.7427054,-2.6466806,5.9524144
5.7908341,-2.6342676,5.9465769
5.8387497,-2.6216699,5.9407395
5.8864583,-2.6088894,5.9349025
5.9350304,-2.5956338,5.9295185
5.9834069,-2.5821835,5.9241345
6.0316049,-2.5685322,5.9187505
6.0796414,-2.5546738,5.9133665
6.1275335,-2.5406019,5.9079825
6.1752983,-2.5263103,5.9025985
6.2229530,-2.5117929,5.8972145
6.2705144,-2.4970434,5.8918305
6.3179720,-2.4820644,5.8870377
6.3653654,-2.4668421,5.8823767
6.4127194,-2.4513672,5.8777156
6.4600521,-2.4356321,5.8730546
6.5073820,-2.4196293,5.8683936
6.5547274,-2.4033514,5.8637326
6.6021066,-2.3867910,5.8590716
6.6495379,-2.3699405,5.8544105
6.6963199,-2.3530542,5.8503787
6.7427511,-2.3360314,5.8467191
6.7892569,-2.3187158,5.8430595
6.8358380,-2.3011031,5.8393999
6.8824950,-2.2831892,5.8357403
6.9292286,-2.2649699,5.8320807
6.9760393,-2.2464409,5.8284212
7.0229279,-2.2275982,5.8247616
7.0695490,-2.2085795,5.8213930
7.1151309,-2.1897091,5.8189624
7.1607842,-2.1705325,5.8165318
7.2065066,-2.1510460,5.8141012
7.2522959,-2.1312460,5.8116707
7.2981499,-2.1111288,5.8092401
7.3440664,-2.0906905,5.8068095
7.3900433,-2.0699276,5.8043789
7.4360781,-2.0488363,5.8019483
7.4813315,-2.0278048,5.8003232
7.5260196,-2.0067428,5.7992903
7.5707538,-1.9853644,5.7982574
7.6155306,-1.9636673,5.7972246
7.6603465,-1.9416494,5.7961917
7.7051982,-1.9193083,5.7951588
7.7500822,-1.8966420,5.7941259
7.7949951,-1.8736481,5.7930930
7.8399333,-1.8503245,5.7920601
7.8840492,-1.8271163,5.7919197
7.9276950,-1.8038489,5.7922942
7.9713533,-1.7802672,5.7926687
8.0150200,-1.7563707,5.7930432
8.0586908,-1.7321588,5.7934177
8.1023614,-1.7076310,5.7937922
8.1460276,-1.6827867,5.7941667
8.1896851,-1.6576254,5.7945412
8.2333298,-1.6321464,5.7949157
8.2764840,-1.6066309,5.7957791
8.3189616,-1.5811992,5.7973201
8.3614147,-1.5554660,5.7988612
8.4038391,-1.5294322,5.8004023
8.4462306,-1.5030982,5.8019433
8.4885852,-1.4764648,5.8034844
8.5308985,-1.4495325,5.8050255
8.5731665,-1.4223020,5.8065665
8.6153850,-1.3947740,5.8081076
8.6575498,-1.3669489,5.8096486
8.6987969,-1.3394052,5.8119027
8.7399480,-1.3116034,5.8141872
8.7810362,-1.2835206,5.8164716
8.8220575,-1.2551583,5.8187561
8.8630081,-1.2265178,5.8210405
8.9038844,-1.1976005,5.8233250
8.9446824,-1.1684080,5.8256094
8.9853984,-1.1389417,5.8278939
9.0260286,-1.1092030,5.8301783
9.0663747,-1.0793380,5.8326171
9.1061610,-1.0495583,5.8354278
9.1458535,-1.0195203,5.8382386
9.1854488,-0.9892263,5.8410493
9.2249435,-0.9586785,5.8438600
9.2643342,-0.9278793,5.8466707
9.3036174,-0.8968309,5.8494815
9.3427897,-0.8655355,5.8522922
9.3818476,-0.8339954,5.8551029
9.4207878,-0.8022128,5.8579136
9.4594057,-0.7703569,5.8610350
9.4976712,-0.7384576,5.8645117
9.5358118,-0.7063282,5.8679884
9.5738245,-0.6739712,5.8714650
9.6117060,-0.6413888,5.8749417
9.6494534,-0.6085836,5.8784184
9.6870634,-0.5755580,5.8818951
9.7245331,-0.5423144,5.8853717
9.7618592,-0.5088553,5.8888484
9.7990387,-0.4751830,5.8923251
9.8359378,-0.4414202,5.8967694
9.8725708,-0.4075577,5.9020747
9.9090538,-0.3734908,5.9073799
9.9453861,-0.3392212,5.9126851
9.9815674,-0.3047504,5.9179903
10.0175969,-0.2700800,5.9232955
10.0534742,-0.2352115,5.9286007
10.0891987,-0.2001466,5.9339059
10.1247699,-0.1648867,5.9392111
10.1601871,-0.1294336,5.9445163
10.1953466,-0.0938937,5.9514647
10.2302600,-0.0582604,5.9598993
10.2650221,-0.0224416,5.9683339
10.2996343,0.0135607,5.9767684
10.3340977,0.0497443,5.9852030
10.3684136,0.0861072,5.9936376
10.4025831,0.1226471,6.0020722
10.4366074,0.1593620,6.0105068
10.4704877,0.1962497,6.0189414
10.5042253,0.2333080,6.0273759
10.5377314,0.2704349,6.0377055
10.5709950,0.3076110,6.0502180
10.6041220,0.3449479,6.0627306
10.6371140,0.3824423,6.0752431
10.6699729,0.4200911,6.0877556
10.7027004,0.4578911,6.1002681
10.7352984,0.4958390,6.1127807
10.7677686,0.5339317,6.1252932
10.8001129,0.5721658,6.1378057
10.8323329,0.6105383,6.1503183
10.8643743,0.6489782,6.1641413
10.8961901,0.6874211,6.1804421
10.9278898,0.7259910,6.1967430
10.9594764,0.7646846,6.2130439
10.9909526,0.8034984,6.2293447
11.0223214,0.8424289,6.2456456
11.0535858,0.8814728,6.2619464
11.0847486,0.9206266,6.2782473
11.1158128,0.9598869,6.2945482
11.1467813,0.9992503,6.3108490
11.1776344,1.0386846,6.3276060
11.2082926,1.0780794,6.3465045
11.2388642,1.1175666,6.3654029
11.2693522,1.1571429,6.3843014
11.2997592,1.1968051,6.4031999
11.3300879,1.2365501,6.4220983
11.3603411,1.2763746,6.4409968
11.3905216,1.3162755,6.4598953
11.4206320,1.3562497,6.4787937
11.4506751,1.3962939,6.4976922
11.4806536,1.4364049,6.5165907
11.5104896,1.4764714,6.5367199
11.5402630,1.5165943,6.5568966
11.5699785,1.5567754,6.5770733
11.5996382,1.5970119,6.5972500
11.6292439,1.6373014,6.6174267
11.6587973,1.6776410,6.6376034
11.6883005,1.7180284,6.6577801
11.7177552,1.7584608,6.6779567
11.7471633,1.7989356,6.6981334
11.7765266,1.8394503,6.7183101
11.8058270,1.8799747,6.7386121
11.8350781,1.9205236,6.7589625
11.8642882,1.9611056,6.7793128
11.8934582,2.0017189,6.7996632
11.9225889,2.0423616,6.8200135
11.9516811,2.0830319,6.8403639
11.9807356,2.1237277,6.8607142
12.0097532,2.1644473,6.8810646
12.0387348,2.2051888,6.9014149
12.0676811,2.2459502,6.9217653
12.0966112,2.2867555,6.9419025
12.1255276,2.3276059,6.9617998
12.1544096,2.3684710,6.9816971
12.1832571,2.4093489,7.0015944
12.2120698,2.4502378,7.0214917
12.2408476,2.4911361,7.0413890
12.2695903,2.5320420,7.0612863
12.2982978,2.5729538,7.0811836
12.3269698,2.6138697,7.1010809
12.3556062,2.6547880,7.1209782
12.3842328,2.6957443,7.1407191
12.4129093,2.7368222,7.1599455
12.4415509,2.7778982,7.1791720
12.4701585,2.8189711,7.1983984
12.4987332,2.8600399,7.2176249
12.5272761,2.9011037,7.2368513
12.5557881,2.9421612,7.2560778
12.5842704,2.9832116,7.2753042
12.6127238,3.0242536,7.2945307
12.6411496,3.0652864,7.3137571
12.6695530,3.1063151,7.3329572
12.6980494,3.1475049,7.3514433
12.7265199,3.1886849,7.3699294
12.7549644,3.2298569,7.3884154
12.7833829,3.2710225,7.4069015
12.8117754,3.3121834,7.4253876
12.8401418,3.3533413,7.4438737
12.8684821,3.3944978,7.4623598
12.8967964,3.4356547,7.4808459
12.9250846,3.4768135,7.4993319
12.9533467,3.5179761,7.5178180
12.9816447,3.5592345,7.5356299
13.0099244,3.6005111,7.5533517
13.0381772,3.6417940,7.5710736
13.0664025,3.6830839,7.5887955
13.0946001,3.7243810,7.6065174
13.1227696,3.7656860,7.6242393
13.1509105,3.8069992,7.6419612
13.1790225,3.8483210,7.6596831
13.2071052,3.8896520,7.6774049
13.2351582,3.9309925,7.6951268
13.2632179,3.9723972,7.7122863
13.2912591,4.0138298,7.7292625
13.3192700,4.0552730,7.7462387
13.3472502,4.0967270,7.7632150
13.3751999,4.1381922,7.7801912
13.4031189,4.1796686,7.7971674
13.4310070,4.2211566,7.8141436
13.4588642,4.2626564,7.8311198
13.4866904,4.3041683,7.8480961
13.5144854,4.3456924,7.8650723
13.5422741,4.3872663,7.8815816
13.5700450,4.4288734,7.8978325
13.5977844,4.4704938,7.9140833
13.6254920,4.5121275,7.9303342
13.6531677,4.5537750,7.9465851
13.6808114,4.5954365,7.9628360
13.7084229,4.6371123,7.9790869
13.7360020,4.6788027,7.9953377
13.7635486,4.7205080,8.0115886
13.7910626,4.7622285,8.0278395
13.8185596,4.8039885,8.0437009
13.8460367,4.8457843,8.0592402
13.8734806,4.8875960,8.0747794
13.9008909,4.9294239,8.0903186
13.9282676,4.9712681,8.1058579
13.9556103,5.0131289,8.1213971
13.9829189,5.0550064,8.1369363
14.0101932,5.0969009,8.1524756
14.0374330,5.1388125,8.1680148
14.0646380,5.1807415,8.1835540
14.0918189,5.2227048,8.1987691
14.1189772,5.2647053,8.2136056
14.1461000,5.3067238,8.2284422
14.1731871,5.3487605,8.2432787
14.2002382,5.3908155,8.2581153
14.2272531,5.4328891,8.2729519
14.2542317,5.4749814,8.2877884
14.2811735,5.5170926,8.3026250
14.3080784,5.5592229,8.3174616
14.3349462,5.6013724,8.3322981
14.3617843,5.6435536,8.3468658
14.3885971,5.6857738,8.3610026
14.4153719,5.7280138,8.3751393
14.4421085,5.7702738,8.3892761
14.4688065,5.8125538,8.4034128
14.4954658,5.8548542,8.4175496
14.5220860,5.8971749,8.4316863
14.5486668,5.9395161,8.4458231
14.5752081,5.9818781,8.4599598
14.6017095,6.0242609,8.4740966
14.6281766,6.0666741,8.4880122
14.6546161,6.1091291,8.5014461
14.6810147,6.1516053,8.5148800
14.7073723,6.1941030,8.5283139
14.7336885,6.2366221,8.5417478
14.7599630,6.2791629,8.5551816
14.7861955,6.3217254,8.5686155
14.8123857,6.3643098,8.5820494
14.8385334,6.4069162,8.5954833
14.8646381,6.4495448,8.6089172
14.8907044,6.4922034,8.6221717
14.9167413,6.5349076,8.6348938
14.9427344,6.5776344,8.6476160
14.9686833,6.6203837,8.6603381
14.9945876,6.6631557,8.6730602
15.0204471,6.7059504,8.6857824
15.0462613,6.7487680,8.6985045
15.0720301,6.7916087,8.7112267
15.0977531,6.8344723,8.7239488
15.1234299,6.8773592,8.7366710
15.1490642,6.9202760,8.7492500
15.1746680,6.9632435,8.7612451
15.2002246,7.0062345,8.7732403
15.2257336,7.0492491,8.7852354
15.2511948,7.0922873,8.7972306
15.2766077,7.1353492,8.8092258
15.3019720,7.1784349,8.8212209
15.3272873,7.2215444,8.8332161
15.3525535,7.2646779,8.8452113
15.3777699,7.3078354,8.8572064
15.4029398,7.3510228,8.8690892
15.4280784,7.3942670,8.8803341
15.4531661,7.4375355,8.8915790
15.4782028,7.4808284,8.9028238
15.5031880,7.5241456,8.9140687
15.5281214,7.5674874,8.9253136
15.5530026,7.6108537,8.9365584
15.5778313,7.6542447,8.9478033
15.6026070,7.6976603,8.9590481
15.6273295,7.7411007,8.9702930
15.6520012,7.7845708,8.9814504
15.6766406,7.8281043,8.9919109
15.7012256,7.8716628,9.0023714
15.7257557,7.9152464,9.0128319
15.7502307,7.9588551,9.0232924
15.7746500,8.0024890,9.0337529
15.7990134,8.0461481,9.0442134
15.8233205,8.0898325,9.0546739
15.8475708,8.1335423,9.0651344
15.8717641,8.1772775,9.0755949
15.8959022,8.2210423,9.0859864
15.9200068,8.2648770,9.0956167
15.9440531,8.3087375,9.1052471
15.9680406,8.3526236,9.1148775
15.9919691,8.3965355,9.1245078
16.0158380,8.4404733,9.1341382
16.0396470,8.4844370,9.1437685
16.0633957,8.5284266,9.1533989
16.0870837,8.5724423,9.1630293
16.1107107,8.6164840,9.1726596
16.1342781,8.6605554,9.1822318
16.1578100,8.7047025,9.1909812
16.1812796,8.7488760,9.1997307
16.2046863,8.7930759,9.2084801
16.2280299,8.8373022,9.2172295
16.2513099,8.8815550,9.2259789
16.2745260,8.9258344,9.2347283
16.2976777,8.9701404,9.2434777
16.3207646,9.0144731,9.2522271
16.3437864,9.0588326,9.2609765
16.3667445,9.1032223,9.2696702
16.3896639,9.1476919,9.2775048
16.4125168,9.1921886,9.2853394
16.4353029,9.2367122,9.2931740
16.4580217,9.2812630,9.3010086
16.4806729,9.3258410,9.3088432
16.5032562,9.3704462,9.3166778
16.5257710,9.4150787,9.3245124
16.5482171,9.4597386,9.3323470
16.5705940,9.5044259,9.3401816
16.5929035,9.5491446,9.3479551
16.6151699,9.5939450,9.3548981
16.6373659,9.6387731,9.3618412
16.6594912,9.6836288,9.3687842
16.6815455,9.7285123,9.3757272
16.7035284,9.7734234,9.3826702
16.7254396,9.8183623,9.3896132
16.7472787,9.8633290,9.3965563
16.7690456,9.9083236,9.4034993
16.7907398,9.9533459,9.4104423
16.8123634,9.9984013,9.4173173
16.8339385,10.0435363,9.4234962
16.8554397,10.0886994,9.4296752
16.8768670,10.1338908,9.4358541
16.8982201,10.1791105,9.4420330
16.9194986,10.2243586,9.4482120
16.9407024,10.2696353,9.4543909
16.9618312,10.3149407,9.4605698
16.9828847,10.3602749,9.4667488
17.0038627,10.4056379,9.4729277
17.0247680,10.4510367,9.4790454
17.0456191,10.4965122,9.4847232
17.0663935,10.5420166,9.4904011
17.0870907,10.5875496,9.4960789
17.1077103,10.6331110,9.5017567
17.1282518,10.6787004,9.5074345
17.1487148,10.7243176,9.5131123
17.1690988,10.7699623,9.5187901
17.1894034,10.8156343,9.5244679
17.2096280,10.8613332,9.5301457
17.2297776,10.9070710,9.5358059
17.2498729,10.9528955,9.5413778
17.2698876,10.9987460,9.5469497
17.2898221,11.0446223,9.5525216
17.3096766,11.0905239,9.5580935
17.3294516,11.1364504,9.5636654
17.3491473,11.1824013,9.5692373
17.3687641,11.2283764,9.5748093
17.3883023,11.2743752,9.5803812
17.4077624,11.3203972,9.5859531
17.4271520,11.3664600,9.5916118
17.4464894,11.4126059,9.5975647
17.4657495,11.4587744,9.6035176
17.4849328,11.5049657,9.6094706
17.5040399,11.5511798,9.6154235
17.5230711,11.5974166,9.6213764
17.5420270,11.6436762,9.6273293
17.5609081,11.6899586,9.6332822
17.5797148,11.7362639,9.6392351
17.5984476,11.7825921,9.6451880
17.6171142,11.8289607,9.6513994
17.6357238,11.8753920,9.6581985
17.6542610,11.9218461,9.6649975
17.6727266,11.9683227,9.6717965
17.6911212,12.0148217,9.6785956
17.7094455,12.0613427,9.6853946
17.7277002,12.1078858,9.6921937
17.7458858,12.1544506,9.6989927
17.7640032,12.2010370,9.7057917
17.7820529,12.2476448,9.7125908
17.8000415,12.2942891,9.7198415
17.8179729,12.3409776,9.7277829
17.8358389,12.3876870,9.7357242
17.8536404,12.4344170,9.7436656
17.8713785,12.4811674,9.7516070
17.8890539,12.5279381,9.7595483
17.9066677,12.5747287,9.7674897
17.9242208,12.6215392,9.7754310
17.9417141,12.6683692,9.7833724
17.9591486,12.7152187,9.7913138
17.9765286,12.7620967,9.7998355
17.9938552,12.8090035,9.8089530
18.0111259,12.8559290,9.8180704
18.0283417,12.9028731,9.8271879
18.0455037,12.9498355,9.8363054
18.0626130,12.9968160,9.8454228
18.0796705,13.0438144,9.8545403
18.0966775,13.0908305,9.8636577
18.1136348,13.1378640,9.8727752
18.1305436,13.1849147,9.8818926
18.1474048,13.2319818,9.8915719
18.1642194,13.2790653,9.9016326
18.1809886,13.3261655,9.9116932
18.1977133,13.3732822,9.9217539
18.2143947,13.4204152,9.9318146
18.2310336,13.4675645,9.9418753
18.2476312,13.5147299,9.9519359
18.2641884,13.5619112,9.9619966
18.2807062,13.6091082,9.9720573
18.2971856,13.6563209,9.9821180
18.3136222,13.7035333,9.9925612
18.3300199,13.7507542,10.0031704
18.3463819,13.7979905,10.0137796
18.3627089,13.8452421,10.0243888
18.3790016,13.8925091,10.0349980
18.3952609,13.9397913,10.0456072
18.4114874,13.9870889,10.0562164
18.4276820,14.0344017,10.0668256
18.4438454,14.0817297,10.0774348
18.4599783,14.1290729,10.0880441
18.4760692,14.1763952,10.0987437
18.4921277,14.2237234,10.1094666
18.5081574,14.2710670,10.1201896
18.5241586,14.3184260,10.1309126
18.5401317,14.3658006,10.1416356
18.5560771,14.4131909,10.1523586
18.5719951,14.4605970,10.1630816
18.5878861,14.5080190,10.1738045
18.6037505,14.5554570,10.1845275
18.6195886,14.6029112,10.1952505
18.6353808,14.6503217,10.2057224
18.6511446,14.6977407,10.2161607
18.6668825,14.7451763,10.2265990
18.6825944,14.7926288,10.2370373
18.6982805,14.8400985,10.2474757
18.7139405,14.8875854,10.2579140
18.7295745,14.9350900,10.2683523
18.7451824,14.9826123,10.2787906
18.7607641,15.0301526,10.2892290
18.7763197,15.0777112,10.2996673
18.7918216,15.1252039,10.3094868
18.8072956,15.1727114,10.3192775
18.8227427,15.2202379,10.3290683
18.8381625,15.2677838,10.3388590
18.8535545,15.3153492,10.3486498
18.8689184,15.3629345,10.3584406
18.8842538,15.4105400,10.3682313
18.8995601,15.4581660,10.3780221
18.9148371,15.5058129,10.3878129
18.9300839,15.5534797,10.3975928
18.9452674,15.6010639,10.4063710
18.9604201,15.6486698,10.4151492
18.9755413,15.6962976,10.4239274
18.9906303,15.7439477,10.4327056
19.0056866,15.7916204,10.4414839
19.0207092,15.8393161,10.4502621
19.0356977,15.8870350,10.4590403
19.0506511,15.9347775,10.4678185
19.0655690,15.9825439,10.4765967
19.0804490,16.0303294,10.4853153
19.0952570,16.0780270,10.4927289
19.1100273,16.1257493,10.5001425
19.1247591,16.1734967,10.5075562
19.1394514,16.2212695,10.5149698
19.1541034,16.2690679,10.5223835
19.1687143,16.3168923,10.5297971
19.1832832,16.3647431,10.5372107
19.1978092,16.4126204,10.5446244
19.2122914,16.4605246,10.5520380
19.2267271,16.5084495,10.5593671
19.2410815,16.5562824,10.5651600
19.2553898,16.6041429,10.5709529
19.2696510,16.6520313,10.5767458
19.2838644,16.6999479,10.5825387
19.2980290,16.7478928,10.5883316
19.3121438,16.7958664,10.5941246
19.3262081,16.8438689,10.5999175
19.3402210,16.8919005,10.6057104
19.3541815,16.9399615,10.6115033
19.3680874,16.9880477,10.6172388
19.3819027,17.0360368,10.6213604
19.3956635,17.0840559,10.6254820
19.4093687,17.1321050,10.6296036
19.4230178,17.1801844,10.6337252
19.4366099,17.2282942,10.6378468
19.4501442,17.2764347,10.6419683
19.4636198,17.3246059,10.6460899
19.4770361,17.3728081,10.6502115
19.4903922,17.4210414,10.6543331
19.5036874,17.4693060,10.6584547
19.5168843,17.5174684,10.6611318
19.5300188,17.5656608,10.6637929
19.5430906,17.6138846,10.6664541
19.5560992,17.6621401,10.6691152
19.5690440,17.7104271,10.6717763
19.5819244,17.7587459,10.6744375
19.5947396,17.8070965,10.6770986
19.6074893,17.8554791,10.6797597
19.6201726,17.9038936,10.6824208
19.6327891,17.9523403,10.6850820
19.6453055,18.0006926,10.6868110
19.6577514,18.0490653,10.6884540
19.6701294,18.0974701,10.6900970
19.6824391,18.1459069,10.6917401
19.6946802,18.1943757,10.6933831
19.7068521,18.2428766,10.6950261
19.7189546,18.2914096,10.6966692
19.7309872,18.3399746,10.6983122
19.7429496,18.3885718,10.6999553
19.7548413,18.4372011,10.7015983
19.7666342,18.4857476,10.6985709
19.7783500,18.5342996,10.6944718
19.7899951,18.5828835,10.6903727
19.8015694,18.6314990,10.6862736
19.8130729,18.6801462,10.6821745
19.8245056,18.7288250,10.6780754
19.8358676,18.7775353,10.6739763
19.8471588,18.8262769,10.6698772
19.8583791,18.8750499,10.6657781
19.8695286,18.9238541,10.6616790
19.8805849,18.9725909,10.6455962
19.8915600,19.0213126,10.6239187
19.9024643,19.0700652,10.6022413
19.9132973,19.1188486,10.5805638
19.9240588,19.1676630,10.5588864
19.9347484,19.2165082,10.5372089
19.9453659,19.2653842,10.5155315
19.9559110,19.3142910,10.4938540
19.9663834,19.3632286,10.4721766
19.9767828,19.4121969,10.4504991
19.9870928,19.4611191,10.4289186
19.9973145,19.5100009,10.4074276
20.0074624,19.5589133,10.3859365
20.0175359,19.6078561,10.3644454
20.0275346,19.6568295,10.3429544
20.0374578,19.7058335,10.3214633
20.0473052,19.7548680,10.2999723
20.0570761,19.8039331,10.2784812
20.0667699,19.8530288,10.2569901
20.0763863,19.9021550,10.2354991
20.0859150,19.9512624,10.2140157
20.0953459,20.0002987,10.1925482
20.1046985,20.0493653,10.1710807
20.1139722,20.0984622,10.1496132
20.1231669,20.1475894,10.1281457
20.1322821,20.1967468,10.1066782
20.1413175,20.2459344,10.0852107
20.1502727,20.2951522,10.0637432
20.1591474,20.3444000,10.0422757
20.1679412,20.3936779,10.0208082
20.1766510,20.4429698,9.9993167
20.1852551,20.4921528,9.9776175
20.1937779,20.5413655,9.9559182
20.2022193,20.5906078,9.9342189
20.2105788,20.6398798,9.9125197
20.2188564,20.6891812,9.8908204
20.2270517,20.7385122,9.8691212
20.2351645,20.7878725,9.8474219
20.2431947,20.8372622,9.8257227
20.2511419,20.8866812,9.8040234
20.2590059,20.9361294,9.7823242
20.2667654,20.9854714,9.7601940
20.2744381,21.0348181,9.7379863
20.2820277,21.0841935,9.7157786
20.2895342,21.1335976,9.6935710
20.2969575,21.1830303,9.6713633
20.3042976,21.2324915,9.6491556
20.3115544,21.2819811,9.6269479
20.3187277,21.3314991,9.6047403
20.3258176,21.3810452,9.5825326
20.3328239,21.4306196,9.5603249
20.3397339,21.4801300,9.5376875
20.3465507,21.5295956,9.5147104
20.3532846,21.5790888,9.4917332
20.3599357,21.6286095,9.4687560
20.3665042,21.6781576,9.4457788
20.3729902,21.7277331,9.4228016
20.3793938,21.7773358,9.3998244
20.3857153,21.8269655,9.3768472
20.3919546,21.8766223,9.3538700
20.3981119,21.9263059,9.3308929
20.4041826,21.9759764,9.3076893
20.4101562,22.0255435,9.2837484
20.4160491,22.0751370,9.2598076
20.4218616,22.1247567,9.2358667
20.4275942,22.1744024,9.2119258
20.4332471,22.2240740,9.1879849
20.4388208,22.2737714,9.1640440
20.4443157,22.3234944,9.1401032
20.4497320,22.3732430,9.1161623
20.4550702,22.4230169,9.0922214
20.4603307,22.4728160,9.0682805
20.4654981,22.5224880,9.0434460
20.4705869,22.5721631,9.0184850
20.4756001,22.6218629,8.9935240
20.4805381,22.6715872,8.9685630
20.4854015,22.7213358,8.9436021
20.4901910,22.7711087,8.9186411
20.4949070,22.8209056,8.8936801
20.4995503,22.8707265,8.8687191
20.5041213,22.9205711,8.8437581
20.5086206,22.9704394,8.8187971
20.5130414,23.0202463,8.7934010
20.5173840,23.0699847,8.7675354
20.5216573,23.1197461,8.7416697
20.5258618,23.1695305,8.7158040
20.5299982,23.2193378,8.6899383
20.5340672,23.2691677,8.6640726
20.5380693,23.3190202,8.6382069
20.5420052,23.3688951,8.6123413
20.5458756,23.4187923,8.5864756
20.5496810,23.4687117,8.5606099
20.5534214,23.5186444,8.5347110
20.5570858,23.5684293,8.5081654
20.5606874,23.6182360,8.4816198
20.5642267,23.6680642,8.4550742
20.5677042,23.7179139,8.4285286
20.5711204,23.7677850,8.4019830
20.5744757,23.8176775,8.3754374
20.5777707,23.8675912,8.3488919
20.5810057,23.9175261,8.3223463
20.5841814,23.9674820,8.2958007
20.5872982,24.0174589,8.2692551
20.5903501,24.0673521,8.2424450
20.5933397,24.1171903,8.2154430
20.5962718,24.1670490,8.1884409
20.5991466,24.2169284,8.1614389
20.6019644,24.2668283,8.1344369
20.6047254,24.3167487,8.1074348
20.6074297,24.3666895,8.0804328
20.6100777,24.4166508,8.0534308
20.6126694,24.4666324,8.0264287
20.6152052,24.5166344,7.9994267
20.6176846,24.5666434,7.9724028
20.6201003,24.6165021,7.9450982
20.6224608,24.6663809,7.9177936
20.6247661,24.7162798,7.8904890
20.6270161,24.7661988,7.8631843
20.6292109,24.8161378,7.8358797
20.6313502,24.8660970,7.8085751
20.6334342,24.9160761,7.7812705
20.6354627,24.9660754,7.7539659
20.6374357,25.0160946,7.7266613
20.6393532,25.0661340,7.6993567
20.6412115,25.1160937,7.6719319
20.6430111,25.1659838,7.6443990
20.6447551,25.2158937,7.6168660
20.6464433,25.2658236,7.5893331
20.6480755,25.3157735,7.5618001
20.6496513,25.3657433,7.5342672
20.6511707,25.4157331,7.5067342
20.6526332,25.4657429,7.4792013
20.6540386,25.5157727,7.4516683
20.6553867,25.5658226,7.4241354
20.6566773,25.6158926,7.3966024
20.6579056,25.6657972,7.3688676
20.6590759,25.7157100,7.3411198
20.6601880,25.7656428,7.3133721
20.6612416,25.8155956,7.2856244
20.6622362,25.8655686,7.2578767
20.6631714,25.9155616,7.2301289
20.6640469,25.9655748,7.2023812
20.6648623,26.0156082,7.1746335
20.6656170,26.0656618,7.1468858
20.6663108,26.1157357,7.1191380
20.6669425,26.1657650,7.0913164
20.6675109,26.2156716,7.0633318
20.6680175,26.2655983,7.0353473
20.6684616,26.3155454,7.0073627
20.6688428,26.3655128,6.9793782
20.6691605,26.4155005,6.9513936
20.6694142,26.4655087,6.9234091
20.6696033,26.5155374,6.8954245
20.6697272,26.5655866,6.8674400
20.6697855,26.6156563,6.8394555
20.6697774,26.6657467,6.8114709
20.6697030,26.7157156,6.7833115
20.6695617,26.7656250,6.7550536
20.6693530,26.8155552,6.7267958
20.6690761,26.8655060,6.6985380
20.6687304,26.9154777,6.6702802
20.6683151,26.9654702,6.6420224
20.6678297,27.0154837,6.6137646
20.6672735,27.0655182,6.5855068
20.6666457,27.1155739,6.5572490
20.6659457,27.1656508,6.5289911
20.6651728,27.2157490,6.5007333
20.6643303,27.2656473,6.4721906
20.6634143,27.3155476,6.4436233
20.6624234,27.3654691,6.4150560
20.6613568,27.4154118,6.3864887
20.6602133,27.4653756,6.3579214
20.6589920,27.5153607,6.3293541
20.6576919,27.5653669,6.3007867
20.6563120,27.6153943,6.2722194
20.6548512,27.6654429,6.2436521
20.6533086,27.7155127,6.2150848
20.6516845,27.7655635,6.1864690
20.6499849,27.8154058,6.1575768
20.6482021,27.8652699,6.1286846
20.6463358,27.9151563,6.0997924
20.6443854,27.9650658,6.0709002
20.6423508,28.0149990,6.0420079
20.6402314,28.0649566,6.0131157
20.6380270,28.1149392,5.9842235
20.6357372,28.1649475,5.9553313
20.6333616,28.2149821,5.9264391
20.6308998,28.2650438,5.8975469
20.6283558,28.3150489,5.8685603
20.6257347,28.3649010,5.8393729
20.6230265,28.4147758,5.8101854
20.6202304,28.4646697,5.7809979
20.6173456,28.5145787,5.7518105
20.6143711,28.5644991,5.7226230
20.6113062,28.6144271,5.6934355
20.6081500,28.6643587,5.6642481
20.6049015,28.7142903,5.6350606
20.6015600,28.7642180,5.6058731
20.5981245,28.8141380,5.5766857
20.5945880,28.8641323,5.5473368
20.5909455,28.9142207,5.5177760
20.5872004,28.9642803,5.4882152
20.5833479,29.0143004,5.4586543
20.5793835,29.0642704,5.4290935
20.5753026,29.1141799,5.3995327
20.5711004,29.1640183,5.3699719
20.5667725,29.2137750,5.3404111
20.5623142,29.2634395,5.3108503
20.5577208,29.3130012,5.2812895
20.5529878,29.3624497,5.2517287
20.5480395,29.4124807,5.2218525
20.5428883,29.4628667,5.1917558
20.5375799,29.5131037,5.1616591
20.5321120,29.5631822,5.1315624
20.5264822,29.6130933,5.1014657
20.5206882,29.6628276,5.0713690
20.5147275,29.7123760,5.0412723
20.5085979,29.7617293,5.0111757
20.5022970,29.8108783,4.9810790
20.4958223,29.8598137,4.9509823
20.4891707,29.9085326,4.9208846
20.4820218,29.9592478,4.8904273
20.4746761,30.0096963,4.8599700
20.4671324,30.0598650,4.8295127
20.4593891,30.1097411,4.7990554
20.4514448,30.1593115,4.7685980
20.4432982,30.2085634,4.7381407
20.4349479,30.2574837,4.7076834
20.4263923,30.3060596,4.6772261
20.4176301,30.3542780,4.6467688
20.4086600,30.4021261,4.6163115
20.3988772,30.4526612,4.5862734
20.3887779,30.5031438,4.5562902
20.3784414,30.5531541,4.5263069
20.3678700,30.6026768,4.4963237
20.3570661,30.6516965,4.4663404
20.3460318,30.7001979,4.4363572
20.3347695,30.7481658,4.4063739
20.3232815,30.7955847,4.3763907
20.3115701,30.8424393,4.3464074
20.2990441,30.8909795,4.3176036
20.2855676,30.9415006,4.2901923
20.2718420,30.9912735,4.2627811
20.2578814,31.0402798,4.2353698
20.2436998,31.0885008,4.2079586
20.2293115,31.1359179,4.1805474
20.2147304,31.1825126,4.1531361
20.1999707,31.2282662,4.1257249
20.1850465,31.2731603,4.0983136
20.1678243,31.3233508,4.0751522
20.1503184,31.3727299,4.0522271
20.1326812,31.4209470,4.0293020
20.1149471,31.4680021,4.0063769
20.0971504,31.5138953,3.9834518
20.0793251,31.5586265,3.9605267
20.0615057,31.6021959,3.9376016
20.0419245,31.6488453,3.9171424
20.0209361,31.6975424,3.8987465
20.0001037,31.7446780,3.8803507
19.9794778,31.7902998,3.8619548
19.9591086,31.8344559,3.8435590
19.9390465,31.8771941,3.8251631
19.9182827,31.9207705,3.8074357
19.8955668,31.9678021,3.7912309
19.8732876,32.0133581,3.7750260
19.8513626,32.0577294,3.7588212
19.8297091,32.1012066,3.7426163
19.8082411,32.1440869,3.7264078
19.7864352,32.1874764,3.7097507
19.7644206,32.2309376,3.6930936
19.7418798,32.2748668,3.6764365
19.7184957,32.3196598,3.6597795
19.6939510,32.3657127,3.6431224
19.6715404,32.4068624,3.6241848
19.6487753,32.4477548,3.6047151
19.6247639,32.4898778,3.5852455
19.5994082,32.5332464,3.5657758
19.5726105,32.5778757,3.5463061
19.5442730,32.6237808,3.5268365
19.5176313,32.6657937,3.5048603
19.4921863,32.7049277,3.4810502
19.4655980,32.7448173,3.4572400
19.4378435,32.7853989,3.4334299
19.4089002,32.8266092,3.4096198
19.3787454,32.8683845,3.3858096
19.3473565,32.9106614,3.3619995
19.3147107,32.9533765,3.3381894
19.2851881,32.9909456,3.3093174
19.2551637,33.0281531,3.2799019
19.2241665,33.0655373,3.2504865
19.1921819,33.1030483,3.2210710
19.1591952,33.1406363,3.1916555
19.1251919,33.1782512,3.1622401
19.0901573,33.2158434,3.1328246
19.0540768,33.2533627,3.1034091
19.0169358,33.2907595,3.0739937
18.9823226,33.3245266,3.0377551
18.9469640,33.3579673,3.0012700
18.9107400,33.3911466,2.9647849
18.8736571,33.4240037,2.9282997
18.8357219,33.4564781,2.8918146
18.7969410,33.4885090,2.8553294
18.7573210,33.5200359,2.8188443
18.7168683,33.5509979,2.7823591
18.6755895,33.5813346,2.7458740
18.6336640,33.6108662,2.7083457
18.5931348,33.6382106,2.6577538
18.5518828,33.6648661,2.6071620
18.5099114,33.6908084,2.5565701
18.4672242,33.7160134,2.5059783
18.4238245,33.7404568,2.4553864
18.3797159,33.7641144,2.4047946
18.3349017,33.7869619,2.3542027
18.2893854,33.8089752,2.3036109
18.2431704,33.8301299,2.2530190
18.1962602,33.8504020,2.2024272
18.1491405,33.8695708,2.1334819
18.1017160,33.8875883,2.0526826
18.0537750,33.9043626,1.9718833
18.0054120,33.9196717,1.8910840
17.9567212,33.9332937,1.8102847
17.9077968,33.9450066,1.7294854
17.8587332,33.9545887,1.6486861
17.8096246,33.9618180,1.5678868
17.7605653,33.9664727,1.4870875
17.7116495,33.9683307,1.4062882
17.6629716,33.9671703,1.3254889
17.6135828,33.9626867,1.3707909
17.5646342,33.9549019,1.4204917
17.5162935,33.9439180,1.4701925
17.4686917,33.9298349,1.5198933
17.4219595,33.9127527,1.5695941
17.3762279,33.8927712,1.6192949
17.3316278,33.8699906,1.6689957
17.2882901,33.8445108,1.7186965
17.2463456,33.8164317,1.7683973
17.2059252,33.7858535,1.8180981
17.1677185,33.7533876,1.8743907
17.1315643,33.7191947,1.9358766
17.0969442,33.6831321,1.9973625
17.0638012,33.6454320,2.0588485
17.0320783,33.6063263,2.1203344
17.0017186,33.5660474,2.1818204
16.9726653,33.5248271,2.2433063
16.9448612,33.4828977,2.3047922
16.9182496,33.4404912,2.3662782
16.8927734,33.3978398,2.4277641
16.8683757,33.3551755,2.4892500
16.8431435,33.3092700,2.5443086
16.8187453,33.2631381,2.5983903
16.7953790,33.2173050,2.6524721
16.7729478,33.1717709,2.7065539
16.7513550,33.1265359,2.7606357
16.7305040,33.0816000,2.8147175
16.7102981,33.0369633,2.8687993
16.6906405,32.9926259,2.9228811
16.6714346,32.9485878,2.9769629
16.6524562,32.9045524,3.0300239
16.6324988,32.8578520,3.0728544
16.6128288,32.8114243,3.1156848
16.5934267,32.7652016,3.1585153
16.5742731,32.7191166,3.2013458
16.5553486,32.6731016,3.2441763
16.5366336,32.6270892,3.2870068
16.5181086,32.5810120,3.3298373
16.4997543,32.5348024,3.3726678
16.4815512,32.4883930,3.4154983
16.4638661,32.4427271,3.4545319
16.4462952,32.3967973,3.4935506
16.4288236,32.3505882,3.5325692
16.4114378,32.3040882,3.5715879
16.3941244,32.2572857,3.6106066
16.3768700,32.2101690,3.6496253
16.3596613,32.1627267,3.6886440
16.3424847,32.1149471,3.7276627
16.3253269,32.0668186,3.7666814
16.3088668,32.0202945,3.8057553
16.2926935,31.9742751,3.8448526
16.2765004,31.9279299,3.8839500
16.2602750,31.8812576,3.9230473
16.2440051,31.8342566,3.9621447
16.2276782,31.7869255,4.0012420
16.2112820,31.7392627,4.0403394
16.1948041,31.6912670,4.0794367
16.1782321,31.6429367,4.1185341
16.1615537,31.5942704,4.1576314
16.1456617,31.5479051,4.1904618
16.1298329,31.5017449,4.2220994
16.1138942,31.4552938,4.2537370
16.0978433,31.4085546,4.2853746
16.0816781,31.3615301,4.3170122
16.0653962,31.3142230,4.3486498
16.0489954,31.2666360,4.3802873
16.0324736,31.2187720,4.4119249
16.0158285,31.1706336,4.4435625
15.9990580,31.1222237,4.4752001
15.9824486,31.0743761,4.5063259
15.9663807,31.0281701,4.5362890
15.9502166,30.9817312,4.5662520
15.9339710,30.9350634,4.5962151
15.9176586,30.8881707,4.6261781
15.9012939,30.8410570,4.6561412
15.8848915,30.7937263,4.6861043
15.8684663,30.7461825,4.7160673
15.8520327,30.6984295,4.7460304
15.8356054,30.6504714,4.7759935
15.8191991,30.6023121,4.8059565
15.8029122,30.5542037,4.8346067
15.7871499,30.5073216,4.8557959
15.7714501,30.4602679,4.8769851
15.7558282,30.4130507,4.8981743
15.7402996,30.3656780,4.9193635
15.7248798,30.3181579,4.9405527
15.7095841,30.2704984,4.9617418
15.6944279,30.2227075,4.9829310
15.6794266,30.1747935,5.0041202
15.6645956,30.1267642,5.0253094
15.6499503,30.0786278,5.0464986
15.6355062,30.0303923,5.0676878
15.6213250,29.9822264,5.0817770
15.6073984,29.9340874,5.0910937
15.5936986,29.8858778,5.1004104
15.5802297,29.8376077,5.1097271
15.5669957,29.7892871,5.1190438
15.5540007,29.7409263,5.1283606
15.5412490,29.6925352,5.1376773
15.5287444,29.6441241,5.1469940
15.5164911,29.5957030,5.1563107
15.5044933,29.5472821,5.1656274
15.4927550,29.4988715,5.1749442
15.4812802,29.4504812,5.1842609
15.4698383,29.4010986,5.1880099
15.4586716,29.3517406,5.1916566
15.4477850,29.3024378,5.1953033
15.4371787,29.2532018,5.1989500
15.4268531,29.2040442,5.2025967
15.4168084,29.1549767,5.2062434
15.4070450,29.1060110,5.2098901
15.3975631,29.0571587,5.2135368
15.3883631,29.0084315,5.2171835
15.3794452,28.9598411,5.2208302
15.3708099,28.9113990,5.2244769
15.3622332,28.8618011,5.2258833
15.3538168,28.8115420,5.2258631
15.3457069,28.7614621,5.2258429
15.3379021,28.7115613,5.2258227
15.3304010,28.6618395,5.2258025
15.3232022,28.6122963,5.2257823
15.3163044,28.5629316,5.2257621
15.3097061,28.5137452,5.2257419
15.3034059,28.4647369,5.2257217
15.2974025,28.4159064,5.2257015
15.2916944,28.3672536,5.2256813
15.2860997,28.3171178,5.2255864
15.2807536,28.2665471,5.2254635
15.2757260,28.2161684,5.2253405
15.2710151,28.1659803,5.2252175
15.2666187,28.1159812,5.2250945
15.2625350,28.0661698,5.2249716
15.2587620,28.0165445,5.2248486
15.2552977,27.9671038,5.2247256
15.2521401,27.9178464,5.2246026
15.2492872,27.8687706,5.2244797
15.2467038,27.8191964,5.2271093
15.2443701,27.7684490,5.2352617
15.2423565,27.7178927,5.2434141
15.2406576,27.6675248,5.2515665
15.2392680,27.6173427,5.2597189
15.2381824,27.5673438,5.2678712
15.2373955,27.5175256,5.2760236
15.2369018,27.4678853,5.2841760
15.2366961,27.4184203,5.2923284
15.2367730,27.3691280,5.3004808
15.2371329,27.3194181,5.3138774
15.2377830,27.2688197,5.3367543
15.2387009,27.2183932,5.3596313
15.2398685,27.1681329,5.3825082
15.2412677,27.1180328,5.4053851
15.2428802,27.0680870,5.4282620
15.2446879,27.0182898,5.4511389
15.2466725,26.9686353,5.4740158
15.2488160,26.9191175,5.4968928
15.2511001,26.8697307,5.5197697
15.2535467,26.8196708,5.5472339
15.2561192,26.7693990,5.5766222
15.2587840,26.7192435,5.6060106
15.2615232,26.6691969,5.6353989
15.2643191,26.6192515,5.6647873
15.2671538,26.5693999,5.6941756
15.2700095,26.5196346,5.7235640
15.2728685,26.4699481,5.7529523
15.2757129,26.4203329,5.7823407
15.2785337,26.3706278,5.8050880
15.2813297,26.3205648,5.8098847
15.2840669,26.2705518,5.8146813
15.2867352,26.2205813,5.8194779
15.2893249,26.1706457,5.8242745
15.2918261,26.1207374,5.8290711
15.2942288,26.0708489,5.8338677
15.2965231,26.0209727,5.8386643
15.2986993,25.9711010,5.8434609
15.3007474,25.9212264,5.8482575
15.3026559,25.8713931,5.8233622
15.3044182,25.8215451,5.7966634
15.3060262,25.7716717,5.7699645
15.3074716,25.7217656,5.7432656
15.3087461,25.6718193,5.7165668
15.3098414,25.6218254,5.6898679
15.3107493,25.5717765,5.6631690
15.3114614,25.5216652,5.6364702
15.3119694,25.4714840,5.6097713
15.3122635,25.4216727,5.5854854
15.3123416,25.3720705,5.5627739
15.3121990,25.3223787,5.5400625
15.3118285,25.2725901,5.5173510
15.3112230,25.2226974,5.4946396
15.3103755,25.1726932,5.4719281
15.3092787,25.1225704,5.4492167
15.3079256,25.0723217,5.4265052
15.3063091,25.0219397,5.4037938
15.3044296,24.9716071,5.3814491
15.3023331,24.9224222,5.3615962
15.2999679,24.8730910,5.3417433
15.2973270,24.8236065,5.3218904
15.2944033,24.7739615,5.3020375
15.2911898,24.7241491,5.2821846
15.2876796,24.6741622,5.2623317
15.2838656,24.6239939,5.2424788
15.2797407,24.5736370,5.2226259
15.2752981,24.5230846,5.2027730
15.2706012,24.4730572,5.1838433
15.2657134,24.4240988,5.1665142
15.2605171,24.3749623,5.1491850
15.2550092,24.3256574,5.1318559
15.2491862,24.2761935,5.1145268
15.2430450,24.2265802,5.0971977
15.2365824,24.1768271,5.0798686
15.2297950,24.1269438,5.0625395
15.2226796,24.0769399,5.0452103
15.2152330,24.0268248,5.0278812
15.2074976,23.9768974,5.0108853
15.1996122,23.9279953,4.9951732
15.1914060,23.8790178,4.9794612
15.1828770,23.8299757,4.9637491
15.1740233,23.7808800,4.9480370
15.1648429,23.7317417,4.9323250
15.1553339,23.6825716,4.9166129
15.1454945,23.6333809,4.9009009
15.1353225,23.5841803,4.8851888
15.1248162,23.5349810,4.8694767
15.1139736,23.4857938,4.8537647
15.1028815,23.4370137,4.8388152
15.0914855,23.3883914,4.8241139
15.0797572,23.3398124,4.8094125
15.0676966,23.2912866,4.7947111
15.0553034,23.2428244,4.7800098
15.0425773,23.1944360,4.7653084
15.0295181,23.1461315,4.7506070
15.0161256,23.0979211,4.7359057
15.0023995,23.0498150,4.7212043
14.9883396,23.0018234,4.7065029
14.9739267,22.9538941,4.6919223
14.9590982,22.9058410,4.6778443
14.9439333,22.8579357,4.6637663
14.9284338,22.8101890,4.6496882
14.9126018,22.7626120,4.6356102
14.8964390,22.7152156,4.6215322
14.8799474,22.6680106,4.6074542
14.8631290,22.6210080,4.5933761
14.8459857,22.5742188,4.5792981
14.8285193,22.5276538,4.5652201
14.8107318,22.4813240,4.5511421
14.7923022,22.4344277,4.5372877
14.7734077,22.3874573,4.5235275
14.7541867,22.3407683,4.5097673
14.7346441,22.2943721,4.4960071
14.7147849,22.2482799,4.4822468
14.6946140,22.2025031,4.4684866
14.6741363,22.1570530,4.4547264
14.6533567,22.1119411,4.4409662
14.6322801,22.0671786,4.4272060
14.6109114,22.0227770,4.4134458
14.5887821,21.9777953,4.3996979
14.5658211,21.9321534,4.3859639
14.5425636,21.8869433,4.3722298
14.5190199,21.8421773,4.3584957
14.4952000,21.7978676,4.3447617
14.4711143,21.7540264,4.3310276
14.4467728,21.7106660,4.3172936
14.4221858,21.6677986,4.3035595
14.3973635,21.6254364,4.2898254
14.3723159,21.5835917,4.2760914
14.3458019,21.5402520,4.2621512
14.3184964,21.4966056,4.2481181
14.2909756,21.4535865,4.2340849
14.2632561,21.4112033,4.2200518
14.2353545,21.3694648,4.2060186
14.2072872,21.3283796,4.1919855
14.1790708,21.2879565,4.1779523
14.1507220,21.2482041,4.1639192
14.1222573,21.2091311,4.1498860
14.0920495,21.1685618,4.1354629
14.0604658,21.1270980,4.1207345
14.0288201,21.0864944,4.1060062
13.9971447,21.0467631,4.0912778
13.9654716,21.0079165,4.0765495
13.9338329,20.9699669,4.0618211
13.9022606,20.9329265,4.0470927
13.8707869,20.8968077,4.0323644
13.8382336,20.8602795,4.0204860
13.8027617,20.8214169,4.0159050
13.7674863,20.7837161,4.0113239
13.7324052,20.7471314,4.0067429
13.6975165,20.7116170,4.0021618
13.6628181,20.6771273,3.9975808
13.6283080,20.6436164,3.9929997
13.5939707,20.6110259,3.9884198
13.5560806,20.5758985,3.9841442
13.5183543,20.5417596,3.9798686
13.4807285,20.5085045,3.9755930
13.4431403,20.4760287,3.9713175
13.4055265,20.4442277,3.9670419
13.3678240,20.4129968,3.9627663
13.3295412,20.3818873,3.9590513
13.2905163,20.3507623,3.9560302
13.2512354,20.3200230,3.9530090
13.2116574,20.2896399,3.9499878
13.1717409,20.2595835,3.9469667
13.1314448,20.2298240,3.9439455
13.0907869,20.2003744,3.9410630
13.0507607,20.1719346,3.9407128
13.0102583,20.1437115,3.9403626
12.9692402,20.1156962,3.9400123
12.9276670,20.0878796,3.9396621
12.8854992,20.0602527,3.9393119
12.8426976,20.0328067,3.9389617
12.8004330,20.0062839,3.9407008
12.7588682,19.9807544,3.9447601
12.7166615,19.9553906,3.9488193
12.6737950,19.9302045,3.9528786
12.6302510,19.9052079,3.9569378
12.5860116,19.8804127,3.9609971
12.5410588,19.8558309,3.9650564
12.4969161,19.8322859,3.9716028
12.4537188,19.8098061,3.9807533
12.4098767,19.7875488,3.9899037
12.3653882,19.7655285,3.9990541
12.3202518,19.7437597,4.0082045
12.2744657,19.7222571,4.0173549
12.2280283,19.7010353,4.0265053
12.1809380,19.6801086,4.0356558
12.1362938,19.6608119,4.0482121
12.0911168,19.6418118,4.0608044
12.0453816,19.6231056,4.0733968
11.9990948,19.6047048,4.0859892
11.9522636,19.5866212,4.0985815
11.9048946,19.5688662,4.1111739
11.8569949,19.5514514,4.1237663
11.8085712,19.5343885,4.1363587
11.7622616,19.5185724,4.1500067
11.7155874,19.5031189,4.1636901
11.6684712,19.4880057,4.1773734
11.6209230,19.4732409,4.1910568
11.5729525,19.4588325,4.2047401
11.5245697,19.4447883,4.2184235
11.4757843,19.4311165,4.2321068
11.4266062,19.4178250,4.2457902
11.3780660,19.4051825,4.2596311
11.3302988,19.3931965,4.2736452
11.2822013,19.3815754,4.2876593
11.2337842,19.3703231,4.3016734
11.1850582,19.3594433,4.3156875
11.1360339,19.3489399,4.3297016
11.0867218,19.3388166,4.3437157
11.0371327,19.3290772,4.3577298
10.9872771,19.3197255,4.3717439
10.9380857,19.3109257,4.3862344
10.8892675,19.3026055,4.4010388
10.8402306,19.2946542,4.4158431
10.7909863,19.2870714,4.4306475
10.7415457,19.2798567,4.4454518
10.6919202,19.2730097,4.4602562
10.6421208,19.2665301,4.4750605
10.5921588,19.2604174,4.4898649
10.5420454,19.2546713,4.5046692
10.4922213,19.2493358,4.5200383
10.4427903,19.2444097,4.5360934
10.3932355,19.2398342,4.5521485
10.3435607,19.2356081,4.5682036
10.2937696,19.2317303,4.5842587
10.2438659,19.2281996,4.6003138
10.1938532,19.2250147,4.6163689
10.1437352,19.2221747,4.6324240
10.0935157,19.2196782,4.6484791
10.0432939,19.2175279,4.6646857
9.9936574,19.2157394,4.6819661
9.9439309,19.2142790,4.6992465
9.8941161,19.2131441,4.7165269
9.8442145,19.2123322,4.7338073
9.7942279,19.2118407,4.7510876
9.7441579,19.2116669,4.7683680
9.6940060,19.2118084,4.7856484
9.6437739,19.2122626,4.8029288
9.5934633,19.2130268,4.8202092
9.5435758,19.2140865,4.8380841
9.4938840,19.2154368,4.8562788
9.4441212,19.2170801,4.8744735
9.3942891,19.2190136,4.8926682
9.3443895,19.2212348,4.9108629
9.2944243,19.2237410,4.9290576
9.2443952,19.2265294,4.9472523
9.1943041,19.2295975,4.9654470
9.1441528,19.2329425,4.9836417
9.0939652,19.2365602,5.0018539
9.0444343,19.2403922,5.0206311
8.9948498,19.2444855,5.0394084
8.9452128,19.2488376,5.0581857
8.8955247,19.2534460,5.0769629
8.8457866,19.2583083,5.0957402
8.7959999,19.2634219,5.1145174
8.7461658,19.2687843,5.1332947
8.6962856,19.2743932,5.1520719
8.6463606,19.2802459,5.1708492
8.5965760,19.2863172,5.1897094
8.5472545,19.2925606,5.2087970
8.4978930,19.2990342,5.2278847
8.4484925,19.3057356,5.2469723
8.3990540,19.3126627,5.2660599
8.3495786,19.3198131,5.2851476
8.3000674,19.3271846,5.3042352
8.2505215,19.3347749,5.3233229
8.2009420,19.3425817,5.3424105
8.1513299,19.3506028,5.3614982
8.1019185,19.3587970,5.3806243
8.0528761,19.3671302,5.3998165
8.0038050,19.3756659,5.4190087
7.9547058,19.3844020,5.4382010
7.9055797,19.3933363,5.4573932
7.8564273,19.4024669,5.4765854
7.8072496,19.4117917,5.4957776
7.7580475,19.4213086,5.5149699
7.7088219,19.4310155,5.5341621
7.6595736,19.4409104,5.5533543
7.6104964,19.4509515,5.5725298
7.5617714,19.4610966,5.5916731
7.5130268,19.4714197,5.6108164
7.4642631,19.4819187,5.6299597
7.4154812,19.4925919,5.6491030
7.3666818,19.5034373,5.6682463
7.3178657,19.5144531,5.6873896
7.2690336,19.5256374,5.7065329
7.2201863,19.5369884,5.7256762
7.1713245,19.5485042,5.7448195
7.1225469,19.5601593,5.7639309
7.0741540,19.5718780,5.7829128
7.0257489,19.5837528,5.8018948
6.9773324,19.5957821,5.8208768
6.9289052,19.6079642,5.8398587
6.8804678,19.6202973,5.8588407
6.8320209,19.6327799,5.8778227
6.7835652,19.6454101,5.8968047
6.7351013,19.6581863,5.9157866
6.6866299,19.6711069,5.9347686
6.6381516,19.6841700,5.9537506
6.5900684,19.6972643,5.9725042
6.5420005,19.7104899,5.9912460
6.4939277,19.7238509,6.0099878
6.4458505,19.7373457,6.0287296
6.3977695,19.7509729,6.0474714
6.3496853,19.7647310,6.0662132
6.3015985,19.7786183,6.0849550
6.2535096,19.7926333,6.1036968
6.2054193,19.8067746,6.1224386
6.1573281,19.8210405,6.1411804
6.1094499,19.8353655,6.1597433
6.0617061,19.8497705,6.1781936
6.0139632,19.8642939,6.1966439
5.9662215,19.8789345,6.2150941
5.9184817,19.8936909,6.2335444
5.8707443,19.9085616,6.2519947
5.8230097,19.9235452,6.2704449
5.7752785,19.9386403,6.2888952
5.7275513,19.9538456,6.3073455
5.6798286,19.9691597,6.3257957
5.6321658,19.9845633,6.3441815
5.5847265,20.0000015,6.3623109
5.5372931,20.0155432,6.3804404
5.4898661,20.0311870,6.3985698
5.4424461,20.0469319,6.4166993
5.3950334,20.0627764,6.4348287
5.3476286,20.0787193,6.4529581
5.3002321,20.0947593,6.4710876
5.2528445,20.1108952,6.4892170
5.2054661,20.1271257,6.5073465
5.1580976,20.1434495,6.5254759
5.1108849,20.1598147,6.5433627
5.0637371,20.1762512,6.5611592
5.0166003,20.1927767,6.5789558
4.9694750,20.2093899,6.5967523
4.9223617,20.2260897,6.6145488
4.8752608,20.2428749,6.6323453
4.8281727,20.2597443,6.6501419
4.7810979,20.2766969,6.6679384
4.7340368,20.2937314,6.6857349
4.6869898,20.3108467,6.7035315
4.6399849,20.3280316,6.7212575
4.5930969,20.3452573,6.7387220
4.5462241,20.3625601,6.7561865
4.4993672,20.3799388,6.7736510
4.4525263,20.3973923,6.7911155
4.4057020,20.4149197,6.8085801
4.3588946,20.4325198,6.8260446
4.3121045,20.4501917,6.8435091
4.2653322,20.4679342,6.8609736
4.2185780,20.4857463,6.8784381
4.1718423,20.5036270,6.8959026
4.1251676,20.5215590,6.9131528
4.0785330,20.5395493,6.9302957
4.0319181,20.5576049,6.9474387
3.9853231,20.5757250,6.9645816
3.9387483,20.5939086,6.9817246
3.8921941,20.6121547,6.9988676
3.8456609,20.6304625,7.0160105
3.7991489,20.6488310,7.0331535
3.7526586,20.6672592,7.0502964
3.7061901,20.6857462,7.0674394
3.6597443,20.7042909,7.0845499
3.6133233,20.7228917,7.1013885
3.5669253,20.7415485,7.1182272
3.5205505,20.7602605,7.1350658
3.4741993,20.7790268,7.1519045
3.4278720,20.7978467,7.1687431
3.3815689,20.8167192,7.1855818
3.3352903,20.8356434,7.2024204
3.2890365,20.8546185,7.2192591
3.2428079,20.8736437,7.2360978
3.1966047,20.8927181,7.2529364
3.1503995,20.9118524,7.2696209
3.1041974,20.9310439,7.2861773
3.0580214,20.9502824,7.3027338
3.0118717,20.9695672,7.3192902
2.9657486,20.9888977,7.3358467
2.9196520,21.0082733,7.3524031
2.8735821,21.0276931,7.3689595
2.8275391,21.0471567,7.3855160
2.7815232,21.0666632,7.4020724
2.7355344,21.0862120,7.4186289
2.6895728,21.1058025,7.4351853
2.6435472,21.1254732,7.4514829
2.5975490,21.1451839,7.4677800
2.5515786,21.1649337,7.4840770
2.5056363,21.1847213,7.5003740
2.4597220,21.2045458,7.5166710
2.4138361,21.2244060,7.5329680
2.3679785,21.2443009,7.5492650
2.3221496,21.2642293,7.5655620
2.2763494,21.2841902,7.5818590
2.2305781,21.3041825,7.5981560
2.1847684,21.3242346,7.6143441
2.1389124,21.3443498,7.6304093
2.0930864,21.3644945,7.6464746
2.0472911,21.3846684,7.6625398
2.0015270,21.4048711,7.6786051
1.9557946,21.4251024,7.6946703
1.9100946,21.4453621,7.7107356
1.8644274,21.4656497,7.7268008
1.8187937,21.4859650,7.7428660
1.7731939,21.5063077,7.7589313
1.7276287,21.5266774,7.7749965
1.6819068,21.5471599,7.7908630
1.6362156,21.5676715,7.8067244
1.5905603,21.5882097,7.8225857
1.5449411,21.6087745,7.8384471
1.4993582,21.6293655,7.8543084
1.4538119,21.6499827,7.8701698
1.4083024,21.6706259,7.8860311
1.3628300,21.6912949,7.9018925
1.3173948,21.7119896,7.9177538
1.2719971,21.7327097,7.9336152
1.2265172,21.7535101,7.9493816
1.1809670,21.7743853,7.9650623
1.1354554,21.7952854,7.9807429
1.0899824,21.8162101,7.9964235
1.0445484,21.8371590,8.0121042
0.9991534,21.8581317,8.0277848
0.9537976,21.8791279,8.0434654
0.9084812,21.9001471,8.0591461
0.8632045,21.9211890,8.0748267
0.8179675,21.9422533,8.0905073
0.7727376,21.9633550,8.1061684
0.7273230,21.9845835,8.1216963
0.6819492,22.0058336,8.1372241
0.6366167,22.0271048,8.1527520
0.5913255,22.0483968,8.1682798
0.5460760,22.0697093,8.1838076
0.5008685,22.0910418,8.1993355
0.4557032,22.1123940,8.2148633
0.4105803,22.1337656,8.2303912
0.3655002,22.1551562,8.2459190
0.3204632,22.1765655,8.2614468
0.2752377,22.1981034,8.2768823
0.2299945,22.2196889,8.2922931
0.1847958,22.2412922,8.3077039
0.1396418,22.2629128,8.3231147
0.0945327,22.2845503,8.3385255
0.0494690,22.3062045,8.3539363
0.0044508,22.3278748,8.3693471
-0.0405215,22.3495609,8.3847579
-0.0854477,22.3712625,8.4001687
-0.1303274,22.3929790,8.4155795
-0.1753326,22.4147937,8.4309520
-0.2204505,22.4367006,8.4462888
-0.2655205,22.4586214,8.4616257
-0.3105422,22.4805559,8.4769625
-0.3555155,22.5025035,8.4922993
-0.4004399,22.5244639,8.5076362
-0.4453154,22.5464366,8.5229730
-0.4901415,22.5684212,8.5383099
-0.5349181,22.5904173,8.5536467
-0.5796448,22.6124245,8.5689835
-0.6244425,22.6345021,8.5843129
-0.6694437,22.6567154,8.5996267
-0.7143931,22.6789386,8.6149404
-0.7592903,22.7011710,8.6302541
-0.8041349,22.7234120,8.6455679
-0.8489263,22.7456612,8.6608816
-0.8936641,22.7679178,8.6761953
-0.9383479,22.7901815,8.6915090
-0.9829771,22.8124515,8.7068228
-1.0275513,22.8347273,8.7221365
-1.0721602,22.8570536,8.7374574
-1.1170485,22.8795528,8.7528052
-1.1618800,22.9020564,8.7681530
-1.2066547,22.9245637,8.7835008
-1.2513728,22.9470743,8.7988486
-1.2960344,22.9695876,8.8141964
-1.3406394,22.9921033,8.8295442
-1.3851880,23.0146208,8.8448920
-1.4296803,23.0371395,8.8602398
-1.4741163,23.0596590,8.8755875
-1.5185894,23.0822261,8.8909512
-1.5633850,23.1049854,8.9063794
-1.6081221,23.1277427,8.9218077
-1.6527993,23.1504962,8.9372359
-1.6974155,23.1732443,8.9526641
-1.7419698,23.1959853,8.9680924
-1.7864608,23.2187175,8.9835206
-1.8308875,23.2414394,8.9989488
-1.8752487,23.2641493,9.0143771
-1.9195433,23.2868454,9.0298053
-1.9639415,23.3096142,9.0452652
-2.0086935,23.3325830,9.0608035
-2.0533747,23.3555332,9.0763418
-2.0979847,23.3784635,9.0918802
-2.1425232,23.4013727,9.1074185
-2.1869899,23.4242593,9.1229568
-2.2313845,23.4471222,9.1384951
-2.2757065,23.4699601,9.1540334
-2.3199558,23.4927716,9.1695717
-2.3641318,23.5155555,9.1851100
-2.4085688,23.5384830,9.2003213
-2.4532522,23.5615454,9.2152190
-2.4978633,23.5845761,9.2301167
-2.5424044,23.6075744,9.2450144
-2.5868779,23.6305395,9.2599121
-2.6312860,23.6534705,9.2748098
-2.6756313,23.6763667,9.2897076
-2.7199159,23.6992273,9.3046053
-2.7641424,23.7220514,9.3195030
-2.8083129,23.7448383,9.3344007
-2.8529154,23.7678375,9.3484356
-2.8975343,23.7908322,9.3623485
-2.9421039,23.8137860,9.3762615
-2.9866268,23.8366982,9.3901745
-3.0311058,23.8595678,9.4040875
-3.0755436,23.8823939,9.4180005
-3.1199431,23.9051756,9.4319135
-3.1643069,23.9279119,9.4458265
-3.2086379,23.9506021,9.4597395
-3.2530825,23.9733185,9.4582235
-3.2977530,23.9961158,9.4294609
-3.3423987,24.0188632,9.4006983
-3.3870226,24.0415599,9.3719357
-3.4316278,24.0642049,9.3431731
-3.4762170,24.0867972,9.3144105
-3.5207934,24.1093360,9.2856479
-3.5653599,24.1318203,9.2568853
-3.6099194,24.1542491,9.2281226
-3.6544750,24.1766214,9.1993600
-3.6992281,24.1990358,9.1703690
-3.7439985,24.2213989,9.1413612
-3.7887751,24.2437030,9.1123534
-3.8335616,24.2659475,9.0833455
-3.8783618,24.2881318,9.0543377
-3.9231791,24.3102553,9.0253299
-3.9680174,24.3323174,8.9963220
-4.0128802,24.3543177,8.9673142
-4.0577711,24.3762554,8.9383064
-4.1026787,24.3981227,8.9099505
-4.1476093,24.4199207,8.8821363
-4.1925793,24.4416558,8.8543221
-4.2375926,24.4633283,8.8265080
-4.2826530,24.4849384,8.7986938
-4.3277645,24.5064862,8.7708797
-4.3729308,24.5279721,8.7430655
-4.4181559,24.5493963,8.7152513
-4.4634436,24.5707590,8.6874372
-4.5087463,24.5920363,8.6597949
-4.5538387,24.6131220,8.6330892
-4.5990051,24.6341489,8.6063836
-4.6442503,24.6551183,8.5796779
-4.6895789,24.6760315,8.5529722
-4.7349955,24.6968897,8.5262666
-4.7805048,24.7176941,8.4995609
-4.8261115,24.7384460,8.4728552
-4.8718202,24.7591466,8.4461496
-4.9176355,24.7797971,8.4194439
-4.9630838,24.8001849,8.3934423
-5.0084338,24.8204324,8.3677499
-5.0538977,24.8406349,8.3420574
-5.0994779,24.8607939,8.3163650
-5.1451772,24.8809106,8.2906726
-5.1909982,24.9009862,8.2649802
-5.2369434,24.9210219,8.2392878
-5.2830156,24.9410191,8.2135954
-5.3292173,24.9609790,8.1879030
-5.3754521,24.9808603,8.1622940
-5.4208285,25.0002834,8.1375204
-5.4663446,25.0196790,8.1127468
-5.5120107,25.0390526,8.0879732
-5.5578373,25.0584097,8.0631996
-5.6038347,25.0777557,8.0384259
-5.6500134,25.0970959,8.0136523
-5.6963838,25.1164357,7.9888787
-5.7429562,25.1357807,7.9641051
-5.7897412,25.1551361,7.9393314
-5.8362771,25.1743133,7.9148150
-5.8816594,25.1929440,7.8910471
-5.9272590,25.2115924,7.8672792
-5.9730794,25.2302579,7.8435112
-6.0191239,25.2489399,7.8197433
-6.0653960,25.2676379,7.7959754
-6.1118991,25.2863514,7.7722075
-6.1586368,25.3050797,7.7484396
-6.2056124,25.3238222,7.7246717
-6.2528295,25.3425785,7.7009037
-6.3002508,25.3613319,7.6771541
-6.3458974,25.3793034,7.6543105
-6.3917668,25.3972830,7.6314669
-6.4378545,25.4152673,7.6086233
-6.4841563,25.4332531,7.5857797
-6.5306675,25.4512369,7.5629362
-6.5773840,25.4692154,7.5400926
-6.6243011,25.4871852,7.5172490
-6.6714146,25.5051431,7.4944054
-6.7187200,25.5230856,7.4715618
-6.7662129,25.5410095,7.4487183
-6.8133663,25.5587155,7.4261065
-6.8595936,25.5759864,7.4039816
-6.9059863,25.5932312,7.3818567
-6.9525425,25.6104474,7.3597319
-6.9992600,25.6276324,7.3376070
-7.0461370,25.6447837,7.3154821
-7.0931714,25.6618987,7.2933572
-7.1403612,25.6789748,7.2712323
-7.1877044,25.6960096,7.2491075
-7.2351990,25.7130004,7.2269826
-7.2828429,25.7299448,7.2048577
-7.3303263,25.7467315,7.1828887
-7.3770254,25.7631422,7.1613878
-7.4238600,25.7795009,7.1398869
-7.4708277,25.7958047,7.1183860
-7.5179261,25.8120508,7.0968851
-7.5651530,25.8282363,7.0753842
-7.6125060,25.8443582,7.0538833
-7.6599826,25.8604138,7.0323824
-7.7075806,25.8764000,7.0108815
-7.7552975,25.8923141,6.9893806
-7.8031311,25.9081531,6.9678797
-7.8510789,25.9239142,6.9463788
-7.8983682,25.9393441,6.9253344
-7.9456627,25.9546602,6.9043499
-7.9930608,25.9698926,6.8833653
-8.0405605,25.9850385,6.8623808
-8.0881595,26.0000949,6.8413962
-8.1358559,26.0150590,6.8204116
-8.1836475,26.0299279,6.7994271
-8.2315322,26.0446988,6.7784425
-8.2795079,26.0593686,6.7574579
-8.3275725,26.0739346,6.7364734
-8.3757238,26.0883939,6.7154888
-8.4237964,26.1026952,6.6946149
-8.4715851,26.1167774,6.6739883
-8.5194524,26.1307467,6.6533618
-8.5673960,26.1446001,6.6327352
-8.6154138,26.1583346,6.6121086
-8.6635035,26.1719474,6.5914821
-8.7116630,26.1854356,6.5708555
-8.7598901,26.1987963,6.5502289
-8.8081825,26.2120264,6.5296024
-8.8565382,26.2251232,6.5089758
-8.9049548,26.2380837,6.4883492
-8.9534303,26.2509049,6.4677227
-9.0018421,26.2635529,6.4471737
-9.0502296,26.2760364,6.4266752
-9.0986685,26.2883732,6.4061767
-9.1471567,26.3005605,6.3856782
-9.1956916,26.3125953,6.3651797
-9.2442710,26.3244748,6.3446812
-9.2928924,26.3361962,6.3241827
-9.3415536,26.3477566,6.3036842
-9.3902520,26.3591530,6.2831858
-9.4389855,26.3703828,6.2626873
-9.4877516,26.3814428,6.2421888
-9.5365479,26.3923305,6.2216903
-9.5854830,26.4030669,6.2010435
-9.6344623,26.4136284,6.1803716
-9.6834643,26.4240081,6.1596996
-9.7324862,26.4342033,6.1390276
-9.7815254,26.4442112,6.1183556
-9.8305792,26.4540291,6.0976836
-9.8796448,26.4636542,6.0770117
-9.9287195,26.4730838,6.0563397
-9.9778006,26.4823151,6.0356677
-10.0268854,26.4913454,6.0149957
-10.0759712,26.5001719,5.9943237
-10.1251181,26.5088028,5.9735829
-10.1746651,26.5172925,5.9523982
-10.2242042,26.5255665,5.9312135
-10.2737324,26.5336223,5.9100288
-10.3232462,26.5414574,5.8888440
-10.3727425,26.5490693,5.8676593
-10.4222180,26.5564555,5.8464746
-10.4716694,26.5636136,5.8252899
-10.5210936,26.5705411,5.8041052
-10.5704874,26.5772354,5.7829205
-10.6198473,26.5836941,5.7617358
-10.6691703,26.5899147,5.7405511
-10.7188872,26.5959463,5.7189602
-10.7689523,26.6017755,5.6970016
-10.8189682,26.6073515,5.6750429
-10.8689310,26.6126720,5.6530842
-10.9188367,26.6177349,5.6311255
-10.9686815,26.6225380,5.6091668
-11.0184614,26.6270791,5.5872082
-11.0681724,26.6313562,5.5652495
-11.1178107,26.6353669,5.5432908
-11.1673722,26.6391092,5.5213321
-11.2168531,26.6425809,5.4993735
-11.2663799,26.6457879,5.4773570
-11.3169058,26.6487801,5.4548577
-11.3673339,26.6514819,5.4323584
-11.4176592,26.6538919,5.4098592
-11.4678770,26.6560082,5.3873599
-11.5179825,26.6578294,5.3648606
-11.5679707,26.6593538,5.3423613
-11.6178368,26.6605797,5.3198621
-11.6675761,26.6615055,5.2973628
-11.7171836,26.6621295,5.2748635
-11.7666546,26.6624503,5.2523643
-11.8159841,26.6624660,5.2298650
-11.8667624,26.6621607,5.2073894
-11.9174372,26.6615271,5.1849147
-11.9679437,26.6605651,5.1624400
-12.0182761,26.6592742,5.1399653
-12.0684284,26.6576541,5.1174906
-12.1183946,26.6557043,5.0950158
-12.1681688,26.6534245,5.0725411
-12.2177450,26.6508142,5.0500664
-12.2671173,26.6478730,5.0275917
-12.3162796,26.6446006,5.0051170
-12.3656243,26.6409658,4.9827444
-12.4164851,26.6368469,4.9608202
-12.4670969,26.6323687,4.9388960
-12.5174528,26.6275334,4.9169718
-12.5675458,26.6223433,4.8950476
-12.6173688,26.6168004,4.8731235
-12.6669149,26.6109069,4.8511993
-12.7161771,26.6046650,4.8292751
-12.7651483,26.5980769,4.8073509
-12.8138215,26.5911448,4.7854267
-12.8621898,26.5838707,4.7635026
-12.9125461,26.5758832,4.7423923
-12.9629237,26.5674651,4.7214141
-13.0129398,26.5586810,4.7004359
-13.0625877,26.5495375,4.6794577
-13.1118607,26.5400414,4.6584795
-13.1607520,26.5301993,4.6375013
-13.2092550,26.5200179,4.6165231
-13.2573627,26.5095038,4.5955450
-13.3050686,26.4986636,4.5745668
-13.3526253,26.4874418,4.5536768
-13.4026723,26.4751789,4.5337856
-13.4522436,26.4625718,4.5138943
-13.5013369,26.4496324,4.4940031
-13.5499498,26.4363729,4.4741118
-13.5980798,26.4228052,4.4542206
-13.6457246,26.4089413,4.4343293
-13.6928817,26.3947932,4.4144381
-13.7395487,26.3803729,4.3945468
-13.7857233,26.3656925,4.3746556
-13.8345617,26.3497172,4.3556443
-13.8831008,26.3333838,4.3367060
-13.9310850,26.3167922,4.3177677
-13.9785232,26.2999565,4.2988293
-14.0254245,26.2828910,4.2798910
-14.0717980,26.2656102,4.2609527
-14.1176528,26.2481282,4.2420144
-14.1629978,26.2304595,4.2230761
-14.2090775,26.2121215,4.2043796
-14.2564251,26.1928781,4.1860356
-14.3032467,26.1734449,4.1676916
-14.3495699,26.1538202,4.1493476
-14.3954225,26.1340020,4.1310036
-14.4408321,26.1139884,4.1126596
-14.4858264,26.0937777,4.0943156
-14.5304331,26.0733679,4.0759717
-14.5753301,26.0524513,4.0576347
-14.6207336,26.0309111,4.0393070
-14.6658237,26.0091187,4.0209792
-14.7106389,25.9870486,4.0026515
-14.7552173,25.9646757,3.9843238
-14.7995970,25.9419744,3.9659961
-14.8438164,25.9189196,3.9476683
-14.8879137,25.8954859,3.9293406
-14.9314348,25.8719160,3.9205552
-14.9747030,25.8480305,3.9154445
-15.0179177,25.8237025,3.9103339
-15.0610892,25.7989064,3.9052232
-15.1042277,25.7736166,3.9001125
-15.1473435,25.7478078,3.8950018
-15.1904466,25.7214544,3.8898911
-15.2335474,25.6945308,3.8847804
-15.2749356,25.6681203,3.8807562
-15.3161077,25.6412821,3.8768666
-15.3572635,25.6138637,3.8729769
-15.3983898,25.5858473,3.8690873
-15.4394736,25.5572148,3.8651976
-15.4805020,25.5279482,3.8613080
-15.5214618,25.4980295,3.8574183
-15.5623400,25.4674407,3.8535286
-15.6016866,25.4372794,3.8528870
-15.6402871,25.4069789,3.8537010
-15.6787700,25.3760449,3.8545150
-15.7171182,25.3444721,3.8553289
-15.7553146,25.3122552,3.8561429
-15.7933423,25.2793891,3.8569568
-15.8311842,25.2458684,3.8577708
-15.8688232,25.2116878,3.8585848
-15.9061553,25.1769243,3.8598473
-15.9416063,25.1430871,3.8696528
-15.9768329,25.1086470,3.8794584
-16.0118257,25.0736095,3.8892640
-16.0465754,25.0379802,3.8990696
-16.0810726,25.0017647,3.9088751
-16.1153080,24.9649687,3.9186807
-16.1492721,24.9275977,3.9284863
-16.1829556,24.8896574,3.9382919
-16.2163491,24.8511533,3.9480974
-16.2481451,24.8136424,3.9643012
-16.2796437,24.7756486,3.9805993
-16.3108620,24.7371582,3.9968974
-16.3417981,24.6981799,4.0131955
-16.3724496,24.6587227,4.0294936
-16.4028146,24.6187955,4.0457917
-16.4328908,24.5784071,4.0620898
-16.4626763,24.5375664,4.0783879
-16.4921687,24.4962824,4.0946860
-16.5208372,24.4553271,4.1120415
-16.5487800,24.4146093,4.1302860
-16.5764464,24.3735015,4.1485305
-16.6038365,24.3320118,4.1667750
-16.6309502,24.2901479,4.1850195
-16.6577878,24.2479177,4.2032640
-16.6843491,24.2053292,4.2215085
-16.7106344,24.1623902,4.2397530
-16.7366437,24.1191087,4.2579975
-16.7623771,24.0754925,4.2762421
-16.7873030,24.0324758,4.2960194
-16.8118122,23.9894263,4.3162454
-16.8360644,23.9460821,4.3364713
-16.8600618,23.9024506,4.3566973
-16.8838068,23.8585391,4.3769233
-16.9073016,23.8143547,4.3971492
-16.9305485,23.7699049,4.4173752
-16.9535498,23.7251969,4.4376011
-16.9763077,23.6802380,4.4578271
-16.9988245,23.6350355,4.4780530
-17.0207663,23.5902881,4.4999236
-17.0423579,23.5455737,4.5223983
-17.0637284,23.5006466,4.5448731
-17.0848821,23.4555138,4.5673478
-17.1058232,23.4101822,4.5898226
-17.1265559,23.3646586,4.6122973
-17.1470845,23.3189502,4.6347721
-17.1674132,23.2730637,4.6572469
-17.1875463,23.2270062,4.6797216
-17.2074879,23.1807846,4.7021964
-17.2271069,23.1347258,4.7256153
-17.2463981,23.0888711,4.7500729
-17.2655169,23.0428743,4.7745305
-17.2844679,22.9967402,4.7989880
-17.3032560,22.9504736,4.8234456
-17.3218861,22.9040792,4.8479032
-17.3403630,22.8575617,4.8723608
-17.3586915,22.8109261,4.8968183
-17.3768764,22.7641770,4.9212759
-17.3949226,22.7173193,4.9457335
-17.4128221,22.6703912,4.9702839
-17.4304256,22.6238078,4.9960581
-17.4479069,22.5771300,5.0218324
-17.4652703,22.5303606,5.0476066
-17.4825200,22.4835026,5.0733809
-17.4996604,22.4365589,5.0991552
-17.5166958,22.3895322,5.1249294
-17.5336305,22.3424255,5.1507037
-17.5504687,22.2952416,5.1764779
-17.5672148,22.2479834,5.2022522
-17.5838731,22.2006537,5.2280264
-17.6003782,22.1534552,5.2540574
-17.6167496,22.1063495,5.2802914
-17.6330463,22.0591819,5.3065255
-17.6492720,22.0119549,5.3327596
-17.6654304,21.9646713,5.3589937
-17.6815250,21.9173339,5.3852278
-17.6975597,21.8699452,5.4114619
-17.7135381,21.8225081,5.4376960
-17.7294638,21.7750253,5.4639301
-17.7453405,21.7274995,5.4901642
-17.7611719,21.6799334,5.5163983
-17.7768881,21.6325513,5.5422768
-17.7925629,21.5851418,5.5681428
-17.8082013,21.5376991,5.5940088
-17.8238057,21.4902252,5.6198749
-17.8393786,21.4427220,5.6457409
-17.8549223,21.3951916,5.6716069
-17.8704392,21.3476360,5.6974730
-17.8859318,21.3000571,5.7233390
-17.9014024,21.2524569,5.7492050
-17.9168535,21.2048374,5.7750711
-17.9322765,21.1572341,5.8006280
-17.9476616,21.1096855,5.8255360
-17.9630323,21.0621231,5.8504440
-17.9783895,21.0145483,5.8753520
-17.9937340,20.9669629,5.9002600
-18.0090666,20.9193682,5.9251680
-18.0243881,20.8717658,5.9500761
-18.0396994,20.8241574,5.9749841
-18.0550013,20.7765443,5.9998921
-18.0702946,20.7289282,6.0248001
-18.0855801,20.6813107,6.0497081
-18.1008646,20.6336746,6.0737547
-18.1161455,20.5860303,6.0973497
-18.1314195,20.5383889,6.1209448
-18.1466864,20.4907515,6.1445398
-18.1619461,20.4431197,6.1681348
-18.1771985,20.3954947,6.1917299
-18.1924434,20.3478780,6.2153249
-18.2076807,20.3002707,6.2389199
-18.2229102,20.2526743,6.2625149
-18.2381318,20.2050902,6.2861100
-18.2533454,20.1575196,6.3097050
-18.2686055,20.1097924,6.3323023
-18.2838573,20.0620810,6.3548954
-18.2991001,20.0143875,6.3774886
-18.3143338,19.9667133,6.4000817
-18.3295579,19.9190598,6.4226748
-18.3447723,19.8714286,6.4452679
-18.3599764,19.8238209,6.4678610
-18.3751701,19.7762384,6.4904542
-18.3903530,19.7286824,6.5130473
-18.4055249,19.6811542,6.5356404
-18.4207247,19.6335321,6.5579312
-18.4359786,19.5857346,6.5797158
-18.4512202,19.5379699,6.6015005
-18.4664493,19.4902395,6.6232852
-18.4816655,19.4425450,6.6450698
-18.4968684,19.3948878,6.6668545
-18.5120576,19.3472695,6.6886391
-18.5272329,19.2996916,6.7104238
-18.5423939,19.2521557,6.7322084
-18.5575402,19.2046633,6.7539931
-18.5726715,19.1572159,6.7757778
-18.5879195,19.1094011,6.7970123
-18.6031795,19.0615481,6.8181306
-18.6184234,19.0137462,6.8392489
-18.6336511,18.9659974,6.8603671
-18.6488625,18.9183035,6.8814854
-18.6640572,18.8706664,6.9026036
-18.6792352,18.8230880,6.9237219
-18.6943962,18.7755701,6.9448402
-18.7095401,18.7281146,6.9659584
-18.7246668,18.6807233,6.9870767
-18.7398568,18.6331450,7.0079595
-18.7551565,18.5852346,7.0284700
-18.7704378,18.5373924,7.0489805
-18.7857001,18.4896176,7.0694911
-18.8009433,18.4419096,7.0900016
-18.8161668,18.3942675,7.1105121
-18.8313704,18.3466908,7.1310226
-18.8465538,18.2991786,7.1515331
-18.8617165,18.2517303,7.1720436
-18.8768582,18.2043452,7.1925542
-18.8919973,18.1569640,7.2129872
-18.9073000,18.1090642,7.2326522
-18.9225793,18.0612263,7.2523172
-18.9378343,18.0134492,7.2719821
-18.9530641,17.9657313,7.2916471
-18.9682675,17.9180714,7.3113121
-18.9834436,17.8704681,7.3309770
-18.9985914,17.8229200,7.3506420
-19.0137099,17.7754258,7.3703069
-19.0287981,17.7279841,7.3899719
-19.0438550,17.6805935,7.4096369
-19.0590451,17.6327311,7.4280307
-19.0742123,17.5848808,7.4463336
-19.0893431,17.5370787,7.4646364
-19.1044359,17.4893233,7.4829393
-19.1194889,17.4416133,7.5012421
-19.1345005,17.3939473,7.5195450
-19.1494689,17.3463238,7.5378478
-19.1643925,17.2987415,7.5561507
-19.1792696,17.2511989,7.5744535
-19.1940985,17.2036946,7.5927564
-19.2090108,17.1557985,7.6091154
-19.2238859,17.1078872,7.6252426
-19.2387058,17.0600103,7.6413698
-19.2534683,17.0121661,7.6574970
-19.2681712,16.9643530,7.6736242
-19.2828122,16.9165694,7.6897514
-19.2973892,16.8688135,7.7058786
-19.3118999,16.8210838,7.7220058
-19.3263422,16.7733785,7.7381330
-19.3407139,16.7256961,7.7542603
-19.3551248,16.6776606,7.7675203
-19.3694650,16.6296270,7.7806426
-19.3837268,16.5816115,7.7937650
-19.3979083,16.5336125,7.8068874
-19.4120073,16.4856282,7.8200098
-19.4260217,16.4376571,7.8331322
-19.4399492,16.3896973,7.8462546
-19.4537879,16.3417473,7.8593770
-19.4675357,16.2938053,7.8724994
-19.4811981,16.2458418,7.8853141
-19.4948389,16.1976223,7.8952353
-19.5083816,16.1494058,7.9051566
-19.5218248,16.1011907,7.9150779
-19.5351666,16.0529753,7.9249991
-19.5484057,16.0047580,7.9349204
-19.5615401,15.9565370,7.9448417
-19.5745685,15.9083107,7.9547629
-19.5874890,15.8600775,7.9646842
-19.6003001,15.8118356,7.9746055
-19.6130129,15.7635349,7.9838428
-19.6256431,15.7151073,7.9914616
-19.6381603,15.6666664,7.9990803
-19.6505642,15.6182108,8.0066990
-19.6628547,15.5697392,8.0143177
-19.6750317,15.5212503,8.0219364
-19.6870952,15.4727425,8.0295551
-19.6990449,15.4242147,8.0371739
-19.7108809,15.3756654,8.0447926
-19.7226029,15.3270933,8.0524113
-19.7342134,15.2784860,8.0438656
-19.7457120,15.2298433,8.0210445
-19.7570960,15.1811735,7.9982234
-19.7683652,15.1324751,7.9754022
-19.7795194,15.0837466,7.9525811
-19.7905584,15.0349865,7.9297600
-19.8014819,14.9861932,7.9069389
-19.8122897,14.9373654,7.8841177
-19.8229816,14.8885014,7.8612966
-19.8335574,14.8395999,7.8384755
-19.8439946,14.7907638,7.8145775
-19.8543096,14.7419188,7.7903564
-19.8645094,14.6930321,7.7661353
-19.8745945,14.6441023,7.7419142
-19.8845651,14.5951278,7.7176931
-19.8944217,14.5461074,7.6934721
-19.9041646,14.4970396,7.6692510
-19.9137942,14.4479229,7.6450299
-19.9233107,14.3987560,7.6208088
-19.9327147,14.3495374,7.5965877
-19.9419523,14.3005564,7.5690225
-19.9510807,14.2515281,7.5413896
-19.9601038,14.2024458,7.5137567
-19.9690245,14.1533087,7.4861238
-19.9778454,14.1041162,7.4584909
-19.9865696,14.0548674,7.4308580
-19.9951998,14.0055616,7.4032252
-20.0037388,13.9561981,7.3755923
-20.0121895,13.9067760,7.3479594
-20.0205452,13.8573507,7.3197627
-20.0287583,13.8082352,7.2878566
-20.0368985,13.7590617,7.2559505
-20.0449736,13.7098310,7.2240444
-20.0529914,13.6605439,7.1921382
-20.0609597,13.6112012,7.1602321
-20.0688862,13.5618036,7.1283260
-20.0767786,13.5123521,7.0964199
-20.0846447,13.4628473,7.0645137
-20.0924924,13.4132901,7.0326076
-20.1003145,13.3637754,7.0010650
-20.1080744,13.3145906,6.9709910
-20.1158422,13.2653581,6.9409169
-20.1236283,13.2160796,6.9108428
-20.1314429,13.1667570,6.8807687
-20.1392964,13.1173923,6.8506946
-20.1471990,13.0679873,6.8206206
-20.1551612,13.0185437,6.7905465
-20.1631932,12.9690636,6.7604724
-20.1713053,12.9195487,6.7303983
-20.1794947,12.8700805,6.7011707
-20.1877178,12.8209717,6.6761001
-20.1960461,12.7718336,6.6510295
-20.2044866,12.7226673,6.6259589
-20.2130460,12.6734740,6.6008883
-20.2217314,12.6242548,6.5758177
-20.2305496,12.5750109,6.5507471
-20.2395076,12.5257436,6.5256765
-20.2486121,12.4764539,6.5006059
-20.2578702,12.4271430,6.4755353
-20.2672845,12.3778342,6.4506128
-20.2767714,12.3289866,6.4289138
-20.2864259,12.2801209,6.4072148
-20.2962520,12.2312377,6.3855158
-20.3062536,12.1823373,6.3638168
-20.3164344,12.1334203,6.3421177
-20.3267984,12.0844871,6.3204187
-20.3373495,12.0355381,6.2987197
-20.3480915,11.9865738,6.2770207
-20.3590283,11.9375947,6.2553216
-20.3701637,11.8886012,6.2336226
-20.3813899,11.8400718,6.2130019
-20.3927914,11.7916379,6.1926265
-20.4043955,11.7431908,6.1722512
-20.4162045,11.6947306,6.1518758
-20.4282206,11.6462575,6.1315005
-20.4404461,11.5977718,6.1111251
-20.4528833,11.5492735,6.0907498
-20.4655346,11.5007628,6.0703745
-20.4784022,11.4522400,6.0499991
-20.4914884,11.4037051,6.0296238
-20.5047067,11.3554795,6.0091395
-20.5180393,11.3076172,5.9885280
-20.5315889,11.2597432,5.9679166
-20.5453563,11.2118572,5.9473051
-20.5593424,11.1639590,5.9266937
-20.5735479,11.1160484,5.9060822
-20.5879737,11.0681252,5.8854708
-20.6026206,11.0201892,5.8648593
-20.6174894,10.9722401,5.8442479
-20.6325810,10.9242777,5.8236364
-20.6478961,10.8763018,5.8030250
-20.6631798,10.8290965,5.7788787
-20.6786694,10.7819120,5.7545752
-20.6943763,10.7347125,5.7302717
-20.7103010,10.6874972,5.7059682
-20.7264437,10.6402653,5.6816647
-20.7428047,10.5930159,5.6573612
-20.7593843,10.5457481,5.6330577
-20.7761828,10.4984611,5.6087542
-20.7932005,10.4511541,5.5844507
-20.8104376,10.4038262,5.5601472
-20.8278054,10.3567169,5.5342973
-20.8451461,10.3102323,5.5042900
-20.8626901,10.2637275,5.4742826
-20.8804308,10.2172032,5.4442753
-20.8983616,10.1706606,5.4142680
-20.9164757,10.1241004,5.3842607
-20.9347665,10.0775238,5.3542534
-20.9532273,10.0309316,5.3242461
-20.9718514,9.9843248,5.2942388
-20.9906323,9.9377043,5.2642315
-21.0095631,9.8910711,5.2342242
-21.0285540,9.8446289,5.2024543
-21.0475405,9.7985062,5.1678201
-21.0666415,9.7523761,5.1331860
-21.0858413,9.7062413,5.0985518
-21.1051244,9.6601045,5.0639176
-21.1244751,9.6139681,5.0292834
-21.1438778,9.5678349,4.9946493
-21.1633170,9.5217074,4.9600151
-21.1827769,9.4755881,4.9253809
-21.2022419,9.4294799,4.8907467
-21.2216965,9.3833851,4.8561126
-21.2411665,9.3372082,4.8215890
-21.2606676,9.2908788,4.7872579
-21.2801147,9.2445696,4.7529267
-21.2994950,9.1982822,4.7185955
-21.3187955,9.1520182,4.6842644
-21.3380033,9.1057793,4.6499332
-21.3571057,9.0595670,4.6156020
-21.3760896,9.0133829,4.5812709
-21.3949423,8.9672286,4.5469397
-21.4136509,8.9211059,4.5126086
-21.4322024,8.8750162,4.4782774
-21.4507553,8.8285300,4.4445369
-21.4693625,8.7814702,4.4116349
-21.4877647,8.7344531,4.3787329
-21.5059479,8.6874825,4.3458308
-21.5238985,8.6405623,4.3129288
-21.5416026,8.5936963,4.2800268
-21.5590465,8.5468884,4.2471248
-21.5762164,8.5001423,4.2142227
-21.5930984,8.4534620,4.1813207
-21.6096789,8.4068512,4.1484187
-21.6259439,8.3603139,4.1155167
-21.6423336,8.3125178,4.0839859
-21.6585473,8.2642490,4.0530311
-21.6743764,8.2160768,4.0220764
-21.6898074,8.1680077,3.9911217
-21.7048263,8.1200485,3.9601669
-21.7194194,8.0722061,3.9292122
-21.7335730,8.0244871,3.8982575
-21.7472734,7.9768983,3.8673027
-21.7605067,7.9294465,3.8363480
-21.7732593,7.8821384,3.8053932
-21.7858209,7.8337900,3.7758940
-21.7982580,7.7839413,3.7484413
-21.8101150,7.7342861,3.7209886
-21.8213815,7.6848383,3.6935359
-21.8320474,7.6356117,3.6660831
-21.8421022,7.5866202,3.6386304
-21.8515358,7.5378777,3.6111777
-21.8603379,7.4893982,3.5837250
-21.8684981,7.4411954,3.5562722
-21.8760063,7.3932833,3.5288195
-21.8832466,7.3428013,3.5056809
-21.8898802,7.2915570,3.4842424
-21.8957412,7.2407126,3.4628040
-21.9008353,7.1902898,3.4413655
-21.9051682,7.1403102,3.4199270
-21.9087454,7.0907954,3.3984886
-21.9115729,7.0417671,3.3770501
-21.9136561,6.9932467,3.3556117
-21.9150009,6.9452561,3.3341732
-21.9156345,6.8937349,3.3174425
-21.9154234,6.8417144,3.3020829
-21.9143874,6.7904195,3.2867233
-21.9125710,6.7398718,3.2713637
-21.9100189,6.6900928,3.2560041
-21.9067758,6.6411041,3.2406445
-21.9028863,6.5929271,3.2252849
-21.8983952,6.5455835,3.2099253
-21.8928423,6.4947458,3.1941654
-21.8864640,6.4433237,3.1782581
-21.8794741,6.3928785,3.1623508
-21.8719207,6.3433409,3.1464435
-21.8638520,6.2946414,3.1305361
-21.8553160,6.2467106,3.1146288
-21.8463609,6.1994789,3.0987215
-21.8366844,6.1511868,3.0803060
-21.8263602,6.1023496,3.0602677
-21.8155469,6.0538837,3.0402294
-21.8041861,6.0055990,3.0201911
-21.7922197,5.9573055,3.0001528
-21.7795894,5.9088129,2.9801144
-21.7662369,5.8599310,2.9600761
-21.7530836,5.8138741,2.9363676
-21.7392793,5.7677354,2.9121894
-21.7245919,5.7210902,2.8880111
-21.7089090,5.6739413,2.8638329
-21.6921180,5.6262917,2.8396546
-21.6741065,5.5781444,2.8154763
-21.6547620,5.5295025,2.7912981
-21.6354587,5.4837824,2.7825227
-21.6158602,5.4399171,2.7837023
-21.5950329,5.3958139,2.7848820
-21.5729402,5.3515644,2.7860616
-21.5495457,5.3072604,2.7872412
-21.5248127,5.2629935,2.7884209
-21.4987047,5.2188554,2.7896005
-21.4711853,5.1749378,2.7907802
-21.4431516,5.1326974,2.7992161
-21.4152543,5.0928923,2.8188068
-21.3861561,5.0534344,2.8383974
-21.3558887,5.0143490,2.8579881
-21.3244839,4.9756618,2.8775787
-21.2919732,4.9373985,2.8971694
-21.2583883,4.8995844,2.9167600
-21.2237609,4.8622453,2.9363507
-21.1881227,4.8254067,2.9559414
-21.1524630,4.7900247,2.9813905
-21.1170160,4.7561904,3.0134781
-21.0807535,4.7228269,3.0455658
-21.0437055,4.6899266,3.0776534
-21.0059017,4.6574819,3.1097410
-20.9673721,4.6254854,3.1418287
-20.9281465,4.5939294,3.1739163
-20.8882547,4.5628065,3.2060040
-20.8477266,4.5321090,3.2380916
-20.8066316,4.5018582,3.2701058
-20.7666495,4.4732134,3.2990169
-20.7261524,4.4449471,3.3279280
-20.6851556,4.4170605,3.3568391
-20.6436742,4.3895546,3.3857502
-20.6017236,4.3624304,3.4146613
-20.5593190,4.3356892,3.4435723
-20.5164757,4.3093319,3.4724834
-20.4732090,4.2833596,3.5013945
-20.4295341,4.2577735,3.5303056
-20.3856739,4.2326919,3.5592691
-20.3424521,4.2085513,3.5884866
-20.2988877,4.1847689,3.6177041
-20.2549956,4.1613371,3.6469215
-20.2107903,4.1382480,3.6761390
-20.1662865,4.1154942,3.7053565
-20.1214990,4.0930678,3.7345739
-20.0764423,4.0709613,3.7637914
-20.0311312,4.0491670,3.7930089
-19.9855804,4.0276772,3.8222263
-19.9398324,4.0064969,3.8515038
-19.8945096,3.9858917,3.8821459
-19.8489950,3.9655584,3.9127879
-19.8033007,3.9454883,3.9434300
-19.7574395,3.9256726,3.9740721
-19.7114237,3.9061023,4.0047142
-19.6652658,3.8867688,4.0353562
-19.6189783,3.8676631,4.0659983
-19.5725736,3.8487764,4.0966404
-19.5260642,3.8300998,4.1272824
-19.4794626,3.8116247,4.1579245
-19.4328831,3.7933818,4.1893843
-19.3862620,3.7753332,4.2210953
-19.3395722,3.7574568,4.2528063
-19.2928183,3.7397427,4.2845173
-19.2460045,3.7221813,4.3162283
-19.1991354,3.7047627,4.3479393
-19.1522152,3.6874772,4.3796503
-19.1052485,3.6703151,4.4113613
-19.0582395,3.6532665,4.4430723
-19.0111928,3.6363218,4.4747832
-18.9641364,3.6194798,4.5065245
-18.9170766,3.6027344,4.5383017
-18.8699837,3.5860705,4.5700788
-18.8228566,3.5694833,4.6018559
-18.7756938,3.5529678,4.6336330
-18.7284940,3.5365193,4.6654101
-18.6812558,3.5201329,4.6971872
-18.6339778,3.5038037,4.7289643
-18.5866587,3.4875269,4.7607414
-18.5392971,3.4712976,4.7925186
-18.4919220,3.4551213,4.8241531
-18.4446896,3.4390466,4.8549133
-18.3974157,3.4230066,4.8856735
-18.3501032,3.4069983,4.9164337
-18.3027548,3.3910185,4.9471939
-18.2553734,3.3750642,4.9779541
-18.2079617,3.3591325,5.0087143
-18.1605225,3.3432203,5.0394745
-18.1130587,3.3273245,5.0702347
-18.0655731,3.3114421,5.1009949
-18.0180684,3.2955700,5.1317551
-17.9706682,3.2797459,5.1612566
-17.9232878,3.2639393,5.1903920
-17.8758922,3.2481374,5.2195274
-17.8284816,3.2323394,5.2486627
-17.7810561,3.2165440,5.2777981
-17.7336159,3.2007502,5.3069335
-17.6861611,3.1849572,5.3360688
-17.6386920,3.1691637,5.3652042
-17.5912088,3.1533688,5.3943396
-17.5437115,3.1375714,5.4234749
-17.4962493,3.1217868,5.4519221
-17.4488550,3.1060252,5.4792217
-17.4014477,3.0902598,5.5065213
-17.3540278,3.0744908,5.5338210
-17.3065957,3.0587182,5.5611206
-17.2591518,3.0429424,5.5884203
-17.2116967,3.0271635,5.6157199
-17.1642307,3.0113816,5.6430195
-17.1167542,2.9955970,5.6703192
-17.0692677,2.9798099,5.6976188
-17.0217716,2.9640204,5.7249185
-16.9743572,2.9482590,5.7507302
-16.9269391,2.9324972,5.7764581
-16.8795124,2.9167333,5.8021859
-16.8320774,2.9009674,5.8279138
-16.7846343,2.8851995,5.8536416
-16.7371833,2.8694298,5.8793695
-16.6897248,2.8536581,5.9050973
-16.6422590,2.8378846,5.9308252
-16.5947861,2.8221093,5.9565530
-16.5473064,2.8063323,5.9822809
-16.4998522,2.7905642,6.0073365
-16.4524242,2.7748053,6.0317124
-16.4049903,2.7590448,6.0560882
-16.3575507,2.7432830,6.0804640
-16.3101057,2.7275199,6.1048399
-16.2626557,2.7117556,6.1292157
-16.2152009,2.6959903,6.1535915
-16.1677417,2.6802241,6.1779674
-16.1202784,2.6644570,6.2023432
-16.0728111,2.6486892,6.2267190
-16.0253415,2.6329211,6.2510554
-15.9779000,2.6171631,6.2742555
-15.9304556,2.6014046,6.2974555
-15.8830086,2.5856458,6.3206556
-15.8355591,2.5698869,6.3438556
-15.7881075,2.5541278,6.3670557
-15.7406542,2.5383687,6.3902557
-15.6931993,2.5226097,6.4134558
-15.6457431,2.5068509,6.4366558
-15.5982860,2.4910924,6.4598559
-15.5508282,2.4753342,6.4830559
-15.5033705,2.4595766,6.5056753
-15.4559131,2.4438197,6.5278434
-15.4084558,2.4280635,6.5500115
-15.3609990,2.4123080,6.5721796
-15.3135430,2.3965533,6.5943476
-15.2660881,2.3807996,6.6165157
-15.2186345,2.3650470,6.6386838
-15.1711825,2.3492955,6.6608519
-15.1237325,2.3335452,6.6830200
-15.0762847,2.3177962,6.7051881
-15.0288366,2.3020478,6.7272725
-14.9813632,2.2862915,6.7485281
-14.9338928,2.2705369,6.7697837
-14.8864259,2.2547840,6.7910393
-14.8389626,2.2390329,6.8122949
-14.7915033,2.2232837,6.8335504
-14.7440483,2.2075366,6.8548060
-14.6965978,2.1917915,6.8760616
-14.6491522,2.1760487,6.8973172
-14.6017117,2.1603081,6.9185728
-14.5542766,2.1445699,6.9398284
-14.5068078,2.1288212,6.9605746
-14.4593217,2.1130672,6.9810183
-14.4118418,2.0973160,7.0014621
-14.3643686,2.0815675,7.0219058
-14.3169023,2.0658218,7.0423496
-14.2694431,2.0500792,7.0627933
-14.2219914,2.0343396,7.0832371
-14.1745475,2.0186031,7.1036808
-14.1271117,2.0028699,7.1241246
-14.0796842,1.9871400,7.1445683
-14.0322486,1.9714080,7.1648835
-13.9847440,1.9556537,7.1846014
-13.9372487,1.9399030,7.2043192
-13.8897629,1.9241560,7.2240371
-13.8422870,1.9084128,7.2437549
-13.7948212,1.8926736,7.2634728
-13.7473659,1.8769384,7.2831906
-13.6999213,1.8612072,7.3029085
-13.6524878,1.8454803,7.3226263
-13.6050656,1.8297576,7.3423442
-13.5576550,1.8140393,7.3620620
-13.5101615,1.7982941,7.3812926
-13.4626483,1.7825428,7.4003588
-13.4151476,1.7667962,7.4194249
-13.3676598,1.7510543,7.4384910
-13.3201852,1.7353173,7.4575572
-13.2727240,1.7195853,7.4766233
-13.2252766,1.7038583,7.4956895
-13.1778433,1.6881365,7.5147556
-13.1304243,1.6724199,7.5338217
-13.0830200,1.6567086,7.5528879
-13.0355756,1.6409844,7.5717509
-12.9880423,1.6252313,7.5902301
-12.9405247,1.6094838,7.6087092
-12.8930230,1.5937421,7.6271884
-12.8455376,1.5780061,7.6456675
-12.7980688,1.5622761,7.6641467
-12.7506168,1.5465520,7.6826258
-12.7031819,1.5308341,7.7011050
-12.6557645,1.5151223,7.7195841
-12.6083649,1.4994168,7.7380633
-12.5609834,1.4837176,7.7565424
-12.5134323,1.4679627,7.7745026
-12.4658961,1.4522131,7.7924518
-12.4183790,1.4364701,7.8104009
-12.3708813,1.4207339,7.8283501
-12.3234033,1.4050046,7.8462992
-12.2759454,1.3892822,7.8642484
-12.2285077,1.3735668,7.8821975
-12.1810907,1.3578586,7.9001467
-12.1336946,1.3421576,7.9180958
-12.0863198,1.3264640,7.9360450
-12.0388194,1.3107290,7.9536806
-11.9912632,1.2949757,7.9711504
-11.9437293,1.2792302,7.9886201
-11.8962182,1.2634923,8.0060899
-11.8487301,1.2477624,8.0235597
-11.8012653,1.2320403,8.0410295
-11.7538241,1.2163263,8.0584993
-11.7064069,1.2006203,8.0759691
-11.6590140,1.1849226,8.0934389
-11.6116456,1.1692332,8.1109087
-11.5642045,1.1535198,8.1282144
-11.5166281,1.1377618,8.1452500
-11.4690775,1.1220123,8.1622856
-11.4215529,1.1062717,8.1793213
-11.3740547,1.0905399,8.1963569
-11.3265830,1.0748169,8.2133926
-11.2791382,1.0591030,8.2304282
-11.2317206,1.0433982,8.2474638
-11.1843304,1.0277026,8.2644995
-11.1369680,1.0120162,8.2815351
-11.0895874,0.9963240,8.2958855
-11.0419891,0.9805597,8.2958855
-10.9944199,0.9648052,8.2958855
-10.9468801,0.9490606,8.2958855
-10.8993703,0.9333262,8.2958855
-10.8518908,0.9176022,8.2958855
-10.8044420,0.9018887,8.2958855
-10.7570245,0.8861860,8.2958855
-10.7096385,0.8704942,8.2958855
-10.6622846,0.8548135,8.2958855
-10.6149632,0.8391442,8.4649227
