-0.1769055,-7.8900953,7.6486832
-0.1740696,-7.8399672,7.6699429
-0.1712766,-7.7899426,7.6912025
-0.1685259,-7.7400161,7.7124622
-0.1658169,-7.6901826,7.7337219
-0.1631489,-7.6404367,7.7549815
-0.1605194,-7.5907376,7.7746557
-0.1579067,-7.5406712,7.7745458
-0.1553345,-7.4906796,7.7744359
-0.1528031,-7.4407589,7.7743260
-0.1503123,-7.3909052,7.7742161
-0.1478624,-7.3411145,7.7741062
-0.1454499,-7.2913134,7.7670249
-0.1430660,-7.2412989,7.7329580
-0.1407245,-7.1913359,7.6988911
-0.1384261,-7.1414199,7.6648242
-0.1361716,-7.0915468,7.6307573
-0.1339619,-7.0417120,7.5966904
-0.1317944,-6.9918379,7.5625170
-0.1296682,-6.9418717,7.5281666
-0.1275896,-6.8919313,7.4938163
-0.1255595,-6.8420127,7.4594660
-0.1235788,-6.7921115,7.4251156
-0.1216486,-6.7422236,7.3907653
-0.1197685,-6.6923142,7.3561895
-0.1179396,-6.6423865,7.3214432
-0.1161633,-6.5924596,7.2866970
-0.1144400,-6.5425294,7.2519508
-0.1127702,-6.4925918,7.2172046
-0.1111543,-6.4426425,7.1824583
-0.1095949,-6.3927440,7.1473298
-0.1080905,-6.3428456,7.1120867
-0.1066405,-6.2929234,7.0768435
-0.1052452,-6.2429734,7.0416004
-0.1039045,-6.1929915,7.0063573
-0.1026185,-6.1429737,6.9711142
-0.1013925,-6.0931312,6.9353437
-0.1002209,-6.0432542,6.8995509
-0.0991031,-5.9933298,6.8637581
-0.0980390,-5.9433539,6.8279652
-0.0970283,-5.8933226,6.7921724
-0.0960715,-5.8432761,6.7563117
-0.0951731,-5.7934817,6.7199673
-0.0943263,-5.7436212,6.6836229
-0.0935307,-5.6936906,6.6472785
-0.0927859,-5.6436862,6.6109341
-0.0920914,-5.5936040,6.5745897
-0.0914482,-5.5435602,6.5381190
-0.0908583,-5.4938025,6.5012580
-0.0903162,-5.4439573,6.4643971
-0.0898214,-5.3940209,6.4275361
-0.0893732,-5.3439896,6.3906752
-0.0889711,-5.2938596,6.3538142
-0.0886158,-5.2438172,6.3168097
-0.0883075,-5.1940975,6.2794827
-0.0880424,-5.1442707,6.2421556
-0.0878198,-5.0943334,6.2048286
-0.0876391,-5.0442821,6.1675016
-0.0874995,-4.9941134,6.1301745
-0.0874009,-4.9440438,6.0927216
-0.0873423,-4.8943704,6.0549721
-0.0873217,-4.8445724,6.0172225
-0.0873387,-4.7946460,5.9794729
-0.0873924,-4.7445874,5.9417234
-0.0874825,-4.6943930,5.9039738
-0.0876076,-4.6442285,5.8661442
-0.0877649,-4.5946096,5.8279910
-0.0879551,-4.5448501,5.7898378
-0.0881770,-4.4949476,5.7516846
-0.0884300,-4.4448999,5.7135313
-0.0887129,-4.3947047,5.6753781
-0.0890249,-4.3443596,5.6372249
-0.0893586,-4.2948177,5.5986362
-0.0897202,-4.2451301,5.5600446
-0.0901106,-4.1952848,5.5214531
-0.0905305,-4.1452760,5.4828615
-0.0909810,-4.0950981,5.4442699
-0.0914627,-4.0447454,5.4056783
-0.0919690,-3.9949236,5.3667254
-0.0925004,-3.9452834,5.3275930
-0.0930568,-3.8954787,5.2884605
-0.0936346,-3.8455160,5.2493280
-0.0942302,-3.7954015,5.2101955
-0.0948399,-3.7451414,5.1710631
-0.0954580,-3.6949121,5.1317699
-0.0960741,-3.6452058,5.0918607
-0.0966902,-3.5953836,5.0519515
-0.0973005,-3.5454568,5.0120422
-0.0978988,-3.4954371,4.9721330
-0.0984792,-3.4453360,4.9322238
-0.0990356,-3.3951651,4.8923146
-0.0995596,-3.3451680,4.8521150
-0.1000451,-3.2952551,4.8117513
-0.1004848,-3.2453049,4.7713876
-0.1008703,-3.1953274,4.7310238
-0.1011931,-3.1453324,4.6906601
-0.1014444,-3.0953297,4.6502963
-0.1016159,-3.0453274,4.6099291
-0.1016982,-2.9952609,4.5694141
-0.1016788,-2.9452163,4.5288991
-0.1015448,-2.8952034,4.4883840
-0.1012834,-2.8452322,4.4478690
-0.1008818,-2.7953123,4.4073540
-0.1003271,-2.7454538,4.3668389
-0.0996030,-2.6954608,4.3265705
-0.0986912,-2.6452630,4.2866466
-0.0975787,-2.5951587,4.2467228
-0.0962489,-2.5451584,4.2067989
-0.0946849,-2.4952730,4.1668750
-0.0928701,-2.4455130,4.1269512
-0.0907878,-2.3958890,4.0870273
-0.0883813,-2.3456325,4.0483826
-0.0856570,-2.2954301,4.0099185
-0.0826015,-2.2454049,3.9714543
-0.0791966,-2.1955694,3.9329901
-0.0754239,-2.1459365,3.8945260
-0.0712652,-2.0965186,3.8560618
-0.0666465,-2.0467565,3.8184642
-0.0615225,-1.9965493,3.7819208
-0.0559382,-1.9466121,3.7453774
-0.0498771,-1.8969606,3.7088339
-0.0433226,-1.8476106,3.6722905
-0.0362579,-1.7985780,3.6357471
-0.0286173,-1.7495748,3.5995784
-0.0202002,-1.6996212,3.5650302
-0.0111923,-1.6500606,3.5304821
-0.0015820,-1.6009127,3.4959339
0.0086423,-1.5521971,3.4613857
0.0194923,-1.5039336,3.4268375
0.0310402,-1.4558981,3.3927115
0.0436829,-1.4066954,3.3614993
0.0570285,-1.3580480,3.3302870
0.0710785,-1.3099791,3.2990747
0.0858345,-1.2625116,3.2678625
0.1012982,-1.2156685,3.2366502
0.1177062,-1.1688200,3.2072163
0.1354089,-1.1211686,3.1819061
0.1538690,-1.0742704,3.1565960
0.1730699,-1.0281450,3.1312858
0.1929949,-0.9828121,3.1059757
0.2136277,-0.9382912,3.0806655
0.2357888,-0.8929276,3.0591335
0.2589705,-0.8478883,3.0389368
0.2828504,-0.8037775,3.0187401
0.3073924,-0.7605962,2.9985435
0.3325607,-0.7183455,2.9783468
0.3589212,-0.6760823,2.9590477
0.3866102,-0.6336634,2.9408320
0.4148898,-0.5922142,2.9226163
0.4437330,-0.5516933,2.9044006
0.4731122,-0.5120595,2.8861849
0.5034085,-0.4727526,2.8730184
0.5347931,-0.4335721,2.8667169
0.5667587,-0.3951736,2.8604154
0.5993447,-0.3574917,2.8541138
0.6325902,-0.3204609,2.8478123
0.6663782,-0.2841828,2.8451199
0.7007904,-0.2485733,2.8453820
0.7360345,-0.2134634,2.8456441
0.7721926,-0.1788222,2.8459063
0.8093467,-0.1446193,2.8461684
0.8464172,-0.1118328,2.8488528
0.8838707,-0.0800206,2.8529301
0.9223962,-0.0486431,2.8570074
0.9620339,-0.0177459,2.8610847
1.0028241,0.0126251,2.8651620
1.0436082,0.0415935,2.8718138
1.0841861,0.0690760,2.8812901
1.1258331,0.0959416,2.8907664
1.1685454,0.1221296,2.9002427
1.2123193,0.1475796,2.9097190
1.2571509,0.1722310,2.9191953
1.3005646,0.1947856,2.9381991
1.3448777,0.2165442,2.9572486
1.3900684,0.2374931,2.9762981
1.4361030,0.2576123,2.9953476
1.4829483,0.2768820,3.0143971
1.5301414,0.2951216,3.0350164
1.5763673,0.3118991,3.0617555
1.6232446,0.3278754,3.0884947
1.6707445,0.3430575,3.1152339
1.7188381,0.3574523,3.1419731
1.7674966,0.3710666,3.1687123
1.8164271,0.3838408,3.1961242
1.8643219,0.3954974,3.2274167
1.9126670,0.4064571,3.2587092
1.9614407,0.4167340,3.2900018
2.0106213,0.4263420,3.3212943
2.0601870,0.4352955,3.3525868
2.1101163,0.4436084,3.3838793
2.1591108,0.4511085,3.4163302
2.2082117,0.4580031,3.4489632
2.2576028,0.4643413,3.4815962
2.3072685,0.4701403,3.5142292
2.3571931,0.4754173,3.5468622
2.4073611,0.4801893,3.5794952
2.4573104,0.4844379,3.6126910
2.5067705,0.4881752,3.6467640
2.5564226,0.4914814,3.6808370
2.6062546,0.4943741,3.7149100
2.6562548,0.4968711,3.7489829
2.7064112,0.4989903,3.7830559
2.7567119,0.5007494,3.8171289
2.8065388,0.5021511,3.8521065
2.8563009,0.5032316,3.8873578
2.9061712,0.5040127,3.9226090
2.9561400,0.5045104,3.9578603
3.0061974,0.5047407,3.9931115
3.0563338,0.5047196,4.0283628
3.1065233,0.5044632,4.0636350
3.1563815,0.5039917,4.0994186
3.2062885,0.5033173,4.1352022
3.2562347,0.5024534,4.1709857
3.3062106,0.5014131,4.2067693
3.3562065,0.5002096,4.2425529
3.4062129,0.4988560,4.2783364
3.4562235,0.4973655,4.3140615
3.5062354,0.4957500,4.3496168
3.5562298,0.4940201,4.3851722
3.6061976,0.4921858,4.4207275
3.6561300,0.4902574,4.4562829
3.7060178,0.4882448,4.4918382
3.7558520,0.4861583,4.5273936
3.8058414,0.4839982,4.5625983
3.8559977,0.4817717,4.5974152
3.9060684,0.4794964,4.6322321
3.9560417,0.4771799,4.6670490
4.0059060,0.4748297,4.7018659
4.0556495,0.4724531,4.7366828
4.1052608,0.4700576,4.7714997
4.1554696,0.4676145,4.8057078
4.2057581,0.4651556,4.8397188
4.2558744,0.4626999,4.8737299
4.3058073,0.4602553,4.9077409
4.3555457,0.4578293,4.9417519
4.4050785,0.4554295,4.9757629
4.4546206,0.4530527,5.0096615
4.5050620,0.4506633,5.0429991
4.5552785,0.4483186,5.0763367
4.6052821,0.4460203,5.1096742
4.6550846,0.4437704,5.1430118
4.7046977,0.4415709,5.1763494
4.7541334,0.4394235,5.2096869
4.8042050,0.4372960,5.2424507
4.8543774,0.4352099,5.2750280
4.9044020,0.4331707,5.3076053
4.9542913,0.4311726,5.3401827
5.0040579,0.4292101,5.3727600
5.0537143,0.4272773,5.4053374
5.1035930,0.4253564,5.4375157
5.1537273,0.4234432,5.4692588
5.2037665,0.4215501,5.5010019
5.2537095,0.4196760,5.5327450
5.3035552,0.4178199,5.5644882
5.3533027,0.4159808,5.5962313
5.4031189,0.4141513,5.6277735
5.4532560,0.4123215,5.6588131
5.5032968,0.4105053,5.6898528
5.5532462,0.4087014,5.7208924
5.6031090,0.4069083,5.7519320
5.6528902,0.4051248,5.7829716
5.7026717,0.4033465,5.8139002
5.7527697,0.4015611,5.8442690
5.8027957,0.3997817,5.8746377
5.8527516,0.3980075,5.9050064
5.9026393,0.3962377,5.9353751
5.9524608,0.3944713,5.9657438
6.0022566,0.3927062,5.9960470
6.0523298,0.3909309,6.0257750
6.1023418,0.3891569,6.0555030
6.1522951,0.3873837,6.0852310
6.2021921,0.3856108,6.1149590
6.2520350,0.3838376,6.1446870
6.3018519,0.3820627,6.1743607
6.3518960,0.3802767,6.2034506
6.4018918,0.3784894,6.2325406
6.4518408,0.3767008,6.2616305
6.5017448,0.3749109,6.2907205
6.5516055,0.3731197,6.3198104
6.6014496,0.3713263,6.3488312
6.6514695,0.3695239,6.3772583
6.7014505,0.3677208,6.4056854
6.7513942,0.3659174,6.4341125
6.8013023,0.3641144,6.4625396
6.8511761,0.3623122,6.4909666
6.9010461,0.3605104,6.5192884
6.9510439,0.3587047,6.5470239
7.0010119,0.3569020,6.5747593
7.0509513,0.3551031,6.6024948
7.1008636,0.3533089,6.6302302
7.1507501,0.3515205,6.6579657
7.2006427,0.3497376,6.6855410
7.2506185,0.3479586,6.7125567
7.3005732,0.3461885,6.7395725
7.3505088,0.3444287,6.7665883
7.4004273,0.3426804,6.7936040
7.4503306,0.3409447,6.8206198
7.5002444,0.3392223,6.8474065
7.5501997,0.3375133,6.8736812
7.6001449,0.3358208,6.8999560
7.6500813,0.3341463,6.9262307
7.7000103,0.3324908,6.9525054
7.7499330,0.3308557,6.9787801
7.7998549,0.3292422,7.0047555
7.8497804,0.3276516,7.0302905
7.8997083,0.3260855,7.0558256
7.9496429,0.3245454,7.0813606
7.9995888,0.3230329,7.1068956
8.0495505,0.3215494,7.1324307
8.0994761,0.3200979,7.1575945
8.1493690,0.3186783,7.1823893
8.1992870,0.3172870,7.2071841
8.2492320,0.3159222,7.2319789
8.2992056,0.3145822,7.2567737
8.3492099,0.3132651,7.2815685
8.3991706,0.3119710,7.2921343
8.4491054,0.3106983,7.2926038
8.4990588,0.3094449,7.2930734
8.5490220,0.3082104,7.2935430
8.5989860,0.3069942,7.2940125
8.6489417,0.3057958,7.2944821
8.6989303,0.3046137,7.2707088
8.7489245,0.3034500,7.2340599
8.7988968,0.3023080,7.1974110
8.8488462,0.3011906,7.1607621
8.8987718,0.3001005,7.1241132
8.9486726,0.2990405,7.0874643
8.9986375,0.2980113,7.0504997
9.0486130,0.2970141,7.0134185
9.0985713,0.2960477,6.9763373
9.1485173,0.2951108,6.9392560
9.1984562,0.2942015,6.9021748
9.2483930,0.2933182,6.8650936
9.2983373,0.2924593,6.8276606
9.3482870,0.2916235,6.7901515
9.3982415,0.2908094,6.7526424
9.4482014,0.2900158,6.7151332
9.4981672,0.2892413,6.6776241
9.5481394,0.2884847,6.6401150
9.5980750,0.2877452,6.6021965
9.6480152,0.2870209,6.5642398
9.6979660,0.2863101,6.5262831
9.7479294,0.2856114,6.4883264
9.7979071,0.2849232,6.4503697
9.8479010,0.2842442,6.4124125
9.8978080,0.2835743,6.3740248
9.9477348,0.2829107,6.3356372
9.9976828,0.2822525,6.2972496
10.0476538,0.2815985,6.2588620
10.0976494,0.2809474,6.2204743
10.1476583,0.2802985,6.1820558
10.1975393,0.2796523,6.1432580
10.2474504,0.2790064,6.1044603
10.2973940,0.2783600,6.0656626
10.3473728,0.2777125,6.0268648
10.3973891,0.2770632,5.9880671
10.4474123,0.2764121,5.9492281
10.4972557,0.2757609,5.9101124
10.5471446,0.2751060,5.8709966
10.5970823,0.2744470,5.8318808
10.6470719,0.2737829,5.7927650
10.6971169,0.2731133,5.7536493
10.7471632,0.2724382,5.7145363
10.7969547,0.2717603,5.6754385
10.8468118,0.2710742,5.6363407
10.8967392,0.2703785,5.5972430
10.9467412,0.2696718,5.5581452
10.9968225,0.2689530,5.5190475
11.0469170,0.2682215,5.4799857
11.0966368,0.2674819,5.4411602
11.1464486,0.2667253,5.4023346
11.1963578,0.2659493,5.3635091
11.2463697,0.2651517,5.3246835
11.2964899,0.2643301,5.2858580
11.3466893,0.2634829,5.2470629
11.3963058,0.2626194,5.2088909
11.4460455,0.2617245,5.1707189
11.4959160,0.2607948,5.1325469
11.5459246,0.2598267,5.0943750
11.5960788,0.2588166,5.0562030
11.6463863,0.2577611,5.0180310
11.6959806,0.2566760,4.9808828
11.7456079,0.2555416,4.9438866
11.7954056,0.2543500,4.9068904
11.8453820,0.2530960,4.8698943
11.8955449,0.2517744,4.8328981
11.9459026,0.2503801,4.7959019
11.9957268,0.2489297,4.7598985
12.0451968,0.2474157,4.7246448
12.0948730,0.2458167,4.6893911
12.1447619,0.2441270,4.6541374
12.1948701,0.2423410,4.6188838
12.2452041,0.2404530,4.5836301
12.2955873,0.2384648,4.5486069
12.3446262,0.2364320,4.5155746
12.3939266,0.2342899,4.4825423
12.4435247,0.2320344,4.4495100
12.4934565,0.2296617,4.4164778
12.5437579,0.2271678,4.3834455
12.5944651,0.2245486,4.3504132
12.6445296,0.2218594,4.3184710
12.6934211,0.2191226,4.2881329
12.7427056,0.2162269,4.2577947
12.7923666,0.2131430,4.2274565
12.8423877,0.2098420,4.1971183
12.8927524,0.2062947,4.1667801
12.9434441,0.2024720,4.1364419
12.9937614,0.1984023,4.1069093
13.0430008,0.1941306,4.0789613
13.0924621,0.1895278,4.0510133
13.1421046,0.1845695,4.0230653
13.1918877,0.1792313,3.9951173
13.2417706,0.1734888,3.9671693
13.2917127,0.1673177,3.9392213
13.3416733,0.1606935,3.9112732
13.3912742,0.1536425,3.8855553
13.4408076,0.1461031,3.8598898
13.4902437,0.1380557,3.8342242
13.5395448,0.1294817,3.8085587
13.5886733,0.1203627,3.7828931
13.6375916,0.1106802,3.7572275
13.6862621,0.1004155,3.7315620
13.7353957,0.0893772,3.7078304
13.7847571,0.0775701,3.6855832
13.8337110,0.0651186,3.6633360
13.8822010,0.0520217,3.6410888
13.9301702,0.0382783,3.6188416
13.9775620,0.0238872,3.5965944
14.0243197,0.0088472,3.5743472
14.0716422,-0.0072825,3.5534103
14.1204347,-0.0249196,3.5348798
14.1682756,-0.0432341,3.5163493
14.2150860,-0.0621678,3.4978188
14.2607873,-0.0816626,3.4792884
14.3053008,-0.1016604,3.4607579
14.3485477,-0.1221029,3.4422274
14.3949001,-0.1452029,3.4252349
14.4417200,-0.1698487,3.4090318
14.4865795,-0.1947498,3.3928287
14.5294170,-0.2197610,3.3766255
14.5701705,-0.2447368,3.3604224
14.6087785,-0.2695320,3.3442192
14.6533477,-0.2996250,3.3288185
14.6956976,-0.3296815,3.3134969
14.7354172,-0.3590671,3.2981753
14.7729514,-0.3877096,3.2828537
14.8106487,-0.4170271,3.2673459
14.8507387,-0.4485000,3.2514509
14.8897282,-0.4792493,3.2355558
14.9282679,-0.5096170,3.2196607
14.9666116,-0.5396400,3.2027689
15.0049763,-0.5694922,3.1843603
15.0441252,-0.5999708,3.1659518
15.0842158,-0.6314104,3.1475433
15.1236226,-0.6627180,3.1287705
15.1609042,-0.6928806,3.1093677
15.1989270,-0.7243997,3.0899650
15.2375480,-0.7574063,3.0705622
15.2766246,-0.7920316,3.0511595
15.3126481,-0.8252301,3.0460068
15.3479610,-0.8591041,3.0443006
15.3832100,-0.8943668,3.0425944
15.4182334,-0.9310010,3.0408882
15.4528695,-0.9689894,3.0391820
15.4855686,-1.0066654,3.0366011
15.5170894,-1.0448048,3.0336545
15.5479426,-1.0840017,3.0307078
15.5780471,-1.1241837,3.0277611
15.6073213,-1.1652786,3.0248144
15.6355385,-1.2069926,3.0230824
15.6624471,-1.2489215,3.0243447
15.6883956,-1.2915586,3.0256069
15.7133642,-1.3348633,3.0268691
15.7373329,-1.3787948,3.0281313
15.7602819,-1.4233124,3.0293935
15.7820941,-1.4681634,3.0490611
15.8028664,-1.5134695,3.0741631
15.8226595,-1.5592776,3.0992652
15.8415027,-1.6055722,3.1243672
15.8594255,-1.6523377,3.1494693
15.8764112,-1.6994270,3.1764507
15.8923872,-1.7464845,3.2100355
15.9075537,-1.7939443,3.2436202
15.9219410,-1.8417817,3.2772050
15.9355794,-1.8899724,3.3107898
15.9484993,-1.9384916,3.3443745
15.9606297,-1.9869006,3.3780164
15.9720423,-2.0353162,3.4116962
15.9828247,-2.0840026,3.4453760
15.9929942,-2.1329506,3.4790558
16.0025675,-2.1821507,3.5127356
16.0115618,-2.2315934,3.5464154
16.0198862,-2.2806110,3.5806584
16.0276693,-2.3297728,3.6149643
16.0349413,-2.3791430,3.6492702
16.0417196,-2.4287128,3.6835761
16.0480216,-2.4784731,3.7178820
16.0538556,-2.5283346,3.7523402
16.0591842,-2.5777372,3.7879913
16.0641004,-2.6273026,3.8236424
16.0686210,-2.6770253,3.8592935
16.0727628,-2.7269000,3.8949446
16.0765427,-2.7769213,3.9305957
16.0799667,-2.8269205,3.9665657
16.0830342,-2.8765469,4.0035256
16.0857966,-2.9263022,4.0404855
16.0882689,-2.9761827,4.0774454
16.0904660,-3.0261847,4.1144053
16.0924029,-3.0763046,4.1513651
16.0940889,-3.1263564,4.1885384
16.0955335,-3.1760815,4.2262224
16.0967646,-3.2259125,4.2639063
16.0977940,-3.2758474,4.3015902
16.0986335,-3.3258838,4.3392742
16.0992950,-3.3760196,4.3769581
16.0997891,-3.4260987,4.4146134
16.1001266,-3.4758591,4.4521918
16.1003209,-3.5257112,4.4897703
16.1003803,-3.5756535,4.5273487
16.1003133,-3.6256844,4.5649272
16.1001283,-3.6758027,4.6025056
16.0998343,-3.7259134,4.6399365
16.0994426,-3.7756826,4.6766961
16.0989569,-3.8255334,4.7134557
16.0983828,-3.8754647,4.7502153
16.0977261,-3.9254754,4.7869748
16.0969923,-3.9755643,4.8237344
16.0961872,-4.0257185,4.8604635
16.0953243,-4.0754874,4.8960071
16.0944004,-4.1253298,4.9315507
16.0934194,-4.1752446,4.9670943
16.0923849,-4.2252308,5.0026379
16.0913007,-4.2752874,5.0381815
16.0901704,-4.3254132,5.0737251
16.0890060,-4.3752614,5.1081483
16.0878045,-4.4250953,5.1423111
16.0865665,-4.4749939,5.1764739
16.0852944,-4.5249560,5.2106367
16.0839906,-4.5749806,5.2447995
16.0826576,-4.6250664,5.2789623
16.0813033,-4.6750079,5.3123560
16.0799290,-4.7248368,5.3451069
16.0785317,-4.7747223,5.3778578
16.0771128,-4.8246632,5.4106086
16.0756738,-4.8746581,5.4433595
16.0742162,-4.9247058,5.4761104
16.0727436,-4.9747313,5.5085446
16.0712626,-5.0245609,5.5399227
16.0697669,-5.0744385,5.5713009
16.0682571,-5.1243627,5.6026791
16.0667342,-5.1743320,5.6340572
16.0651989,-5.2243449,5.6654354
16.0636520,-5.2743999,5.6968136
16.0621012,-5.3242698,5.7270511
16.0605412,-5.3741465,5.7571275
16.0589712,-5.4240602,5.7872039
16.0573915,-5.4740094,5.8172803
16.0558025,-5.5239924,5.8473566
16.0542044,-5.5740076,5.8774330
16.0526006,-5.6239603,5.9069219
16.0509916,-5.6738444,5.9357967
16.0493744,-5.7237554,5.9646714
16.0477493,-5.7736917,5.9935462
16.0461164,-5.8236514,6.0224209
16.0444762,-5.8736329,6.0512957
16.0428290,-5.9236252,6.0800889
16.0411784,-5.9735264,6.1079085
16.0395211,-6.0234439,6.1357281
16.0378575,-6.0733760,6.1635477
16.0361879,-6.1233207,6.1913673
16.0345125,-6.1732762,6.2191868
16.0328317,-6.2232408,6.2470064
16.0311466,-6.2731849,6.2742228
16.0294573,-6.3231194,6.3011149
16.0277634,-6.3730573,6.3280070
16.0260654,-6.4229967,6.3548990
16.0243636,-6.4729357,6.3817911
16.0226583,-6.5228723,6.4086831
16.0209495,-6.5728126,6.4353976
16.0192368,-6.6227754,6.4614745
16.0175217,-6.6727301,6.4875514
16.0158044,-6.7226747,6.5136283
16.0140853,-6.7726072,6.5397052
16.0123648,-6.8225256,6.5657821
16.0106432,-6.8724281,6.5918591
16.0089177,-6.9224060,6.6173708
16.0071909,-6.9723888,6.6427326
16.0054641,-7.0223494,6.6680943
16.0037375,-7.0722859,6.6934560
16.0020115,-7.1221963,6.7188178
16.0002865,-7.1720785,6.7441795
15.9985602,-7.2220069,6.7693050
15.9968311,-7.2720287,6.7940414
15.9951041,-7.3220160,6.8187779
15.9933796,-7.3719667,6.8435143
15.9916579,-7.4218788,6.8682507
15.9899396,-7.4717502,6.8929871
15.9882250,-7.5215789,6.9177235
15.9865048,-7.5716476,6.9418747
15.9847894,-7.6216715,6.9660208
15.9830795,-7.6716459,6.9901668
15.9813758,-7.7215687,7.0143129
15.9796789,-7.7714379,7.0384589
15.9779896,-7.8212515,7.0626049
15.9763004,-7.8712470,7.0863715
15.9746158,-7.9213162,7.1099257
15.9729412,-7.9713225,7.1334800
15.9712776,-8.0212640,7.1570343
15.9696259,-8.0711384,7.1805885
15.9679869,-8.1209437,7.2041428
15.9663564,-8.1708343,7.2274907
15.9647309,-8.2209560,7.2504358
15.9631213,-8.2710009,7.2733809
15.9615287,-8.3209669,7.2963260
15.9599542,-8.3708519,7.3192711
15.9583989,-8.4206537,7.3422163
15.9568623,-8.4704221,7.3651014
15.9553319,-8.5206003,7.3874102
15.9538243,-8.5706871,7.4097191
15.9523408,-8.6206806,7.4320279
15.9508822,-8.6705785,7.4543367
15.9494498,-8.7203791,7.4766456
15.9480446,-8.7700801,7.4989544
15.9466515,-8.8202663,7.5206626
15.9452872,-8.8703981,7.5423174
15.9439544,-8.9204204,7.5639721
15.9426543,-8.9703305,7.5856269
15.9413881,-9.0201258,7.6072816
15.9401570,-9.0698036,7.6289364
15.9389482,-9.1199577,7.6500718
15.9377751,-9.1701183,7.6710939
15.9366424,-9.2201551,7.6921159
15.9355514,-9.2700685,7.7131379
15.9345038,-9.3198588,7.7341600
15.9335008,-9.3695263,7.7551820
15.9325331,-9.4196457,7.7451995
15.9316101,-9.4697783,7.7280181
15.9307339,-9.5197970,7.7108366
15.9299039,-9.5697086,7.6936552
15.9291196,-9.6195199,7.6764738
15.9283804,-9.6692375,7.6592924
15.9276795,-9.7193399,7.6274545
15.9270241,-9.7694182,7.5937494
15.9264162,-9.8194162,7.5600443
15.9258566,-9.8693378,7.5263392
15.9253466,-9.9191873,7.4926341
15.9248870,-9.9689782,7.4589211
15.9244762,-10.0190709,7.4249048
15.9241188,-10.0691035,7.3908885
15.9238159,-10.1190809,7.3568722
15.9235688,-10.1690079,7.3228558
15.9233784,-10.2188895,7.2888395
15.9232457,-10.2687756,7.2547332
15.9231719,-10.3187972,7.2202833
15.9231584,-10.3687874,7.1858334
15.9232058,-10.4187507,7.1513835
15.9233149,-10.4686916,7.1169336
15.9234866,-10.5186148,7.0824837
15.9237218,-10.5685494,7.0478039
15.9240213,-10.6185099,7.0127999
15.9243852,-10.6684664,6.9777959
15.9248142,-10.7184234,6.9427919
15.9253085,-10.7683855,6.9077879
15.9258687,-10.8183572,6.8727839
15.9264943,-10.8682825,6.8373758
15.9271857,-10.9181910,6.8017297
15.9279433,-10.9681225,6.7660836
15.9287672,-11.0180816,6.7304375
15.9296575,-11.0680727,6.6947914
15.9306141,-11.1181003,6.6591453
15.9316329,-11.1679620,6.6229236
15.9327163,-11.2178269,6.5865860
15.9338650,-11.2677412,6.5502485
15.9350787,-11.3177091,6.5139109
15.9363570,-11.3677350,6.4775733
15.9376995,-11.4178207,6.4412310
15.9390947,-11.4675786,6.4041818
15.9405522,-11.5174064,6.3671327
15.9420714,-11.5673084,6.3300835
15.9436514,-11.6172889,6.2930343
15.9452917,-11.6673520,6.2559852
15.9469891,-11.7174293,6.2188390
15.9487283,-11.7671290,6.1810688
15.9505239,-11.8169220,6.1432986
15.9523748,-11.8668126,6.1055284
15.9542798,-11.9168050,6.0677581
15.9562379,-11.9669033,6.0299879
15.9582423,-12.0169773,5.9920709
15.9602744,-12.0666195,5.9535603
15.9623538,-12.1163768,5.9150498
15.9644788,-12.1662529,5.8765393
15.9666474,-12.2162517,5.8380287
15.9688578,-12.2663768,5.7995182
15.9711015,-12.3164858,5.7608657
15.9733525,-12.3660635,5.7215708
15.9756376,-12.4157756,5.6822758
15.9779543,-12.4656263,5.6429808
15.9802999,-12.5156203,5.6036858
15.9826720,-12.5657619,5.5643908
15.9850651,-12.6159945,5.5250410
15.9874367,-12.6655058,5.4849047
15.9898239,-12.7151696,5.4447685
15.9922217,-12.7649881,5.4046322
15.9946254,-12.8149633,5.3644960
15.9970302,-12.8650971,5.3243597
15.9994311,-12.9153916,5.2842235
16.0017822,-12.9649801,5.2445401
16.0041112,-13.0145588,5.2049470
16.0064207,-13.0643082,5.1653539
16.0087048,-13.1142360,5.1257609
16.0109579,-13.1643502,5.0861678
16.0131741,-13.2146585,5.0465747
16.0153237,-13.2646058,5.0076024
16.0173963,-13.3141174,4.9693274
16.0194068,-13.3638183,4.9310523
16.0213424,-13.4137036,4.8927773
16.0231905,-13.4637685,4.8545023
16.0249384,-13.5140081,4.8162272
16.0265735,-13.5644176,4.7779522
16.0280559,-13.6140517,4.7414004
16.0294020,-13.6637877,4.7049309
16.0305990,-13.7136575,4.6684614
16.0316325,-13.7636487,4.6319919
16.0324884,-13.8137487,4.5955223
16.0331523,-13.8639449,4.5590528
16.0336089,-13.9140726,4.5231844
16.0338455,-13.9639300,4.4886619
16.0338518,-14.0138457,4.4541394
16.0336138,-14.0638077,4.4196168
16.0331172,-14.1138044,4.3850943
16.0323481,-14.1638241,4.3505717
16.0312924,-14.2138550,4.3160492
16.0299362,-14.2638755,4.2826782
16.0282655,-14.3138763,4.2500834
16.0262663,-14.3638511,4.2174886
16.0239243,-14.4137870,4.1848938
16.0212257,-14.4636708,4.1522990
16.0181563,-14.5134898,4.1197043
16.0147021,-14.5632309,4.0871095
16.0108185,-14.6132570,4.0561530
16.0065121,-14.6632252,4.0254120
16.0017732,-14.7130706,3.9946710
15.9965887,-14.7627776,3.9639301
15.9909450,-14.8123312,3.9331891
15.9848291,-14.8617158,3.9024481
15.9782004,-14.9111099,3.8721895
15.9709706,-14.9609584,3.8435710
15.9632134,-15.0105809,3.8149525
15.9549173,-15.0599588,3.7863341
15.9460708,-15.1090734,3.7577156
15.9366624,-15.1579061,3.7290971
15.9266806,-15.2064380,3.7004786
15.9159176,-15.2555199,3.6741688
15.9044448,-15.3046460,3.6489236
15.8923420,-15.3533883,3.6236784
15.8796032,-15.4017223,3.5984332
15.8662224,-15.4496235,3.5731880
15.8521937,-15.4970676,3.5479428
15.8373392,-15.5445654,3.5238892
15.8214143,-15.5927230,3.5024863
15.8047917,-15.6403086,3.4810834
15.7874787,-15.6872951,3.4596805
15.7694828,-15.7336549,3.4382776
15.7508115,-15.7793609,3.4168747
15.7313132,-15.8247464,3.3959786
15.7103054,-15.8712328,3.3776834
15.6886012,-15.9169116,3.3593882
15.6662287,-15.9617555,3.3410929
15.6432159,-16.0057370,3.3227977
15.6195909,-16.0488285,3.3045025
15.5948882,-16.0918427,3.2868388
15.5684708,-16.1357379,3.2706070
15.5414866,-16.1785482,3.2543753
15.5139930,-16.2202573,3.2381435
15.4860472,-16.2608491,3.2219118
15.4577066,-16.3003074,3.2056800
15.4270398,-16.3412196,3.1902645
15.3955922,-16.3814223,3.1750395
15.3639011,-16.4203152,3.1598145
15.3320445,-16.4579245,3.1445896
15.3001003,-16.4942766,3.1293646
15.2658410,-16.5318870,3.1139587
15.2308473,-16.5689748,3.0984914
15.1959515,-16.6047629,3.0830240
15.1612029,-16.6393499,3.0675567
15.1263086,-16.6731618,3.0533610
15.0893132,-16.7081248,3.0478300
15.0524627,-16.7421068,3.0422990
15.0156393,-16.7752840,3.0367680
14.9787253,-16.8078327,3.0312369
14.9414116,-16.8400774,3.0262452
14.9036307,-16.8720287,3.0213547
14.8651730,-16.9037846,3.0164643
14.8257958,-16.9354718,3.0115738
14.7870013,-16.9658658,3.0092775
14.7482788,-16.9953479,3.0088577
14.7082932,-17.0248288,3.0084379
14.6669328,-17.0542470,3.0080181
14.6240860,-17.0835410,3.0075983
14.5838958,-17.1099208,3.0204602
14.5424595,-17.1360188,3.0335472
14.4997014,-17.1617979,3.0466342
14.4556151,-17.1871741,3.0597211
14.4101941,-17.2120635,3.0728081
14.3670143,-17.2345716,3.0963065
14.3231164,-17.2563595,3.1209447
14.2781492,-17.2775968,3.1455829
14.2321428,-17.2982494,3.1702211
14.1851273,-17.3182833,3.1948593
14.1382708,-17.3372171,3.2207184
14.0926202,-17.3547168,3.2487994
14.0461750,-17.3716103,3.2768804
13.9989665,-17.3878846,3.3049614
13.9510258,-17.4035266,3.3330424
13.9023841,-17.4185230,3.3611234
13.8541043,-17.4325698,3.3895231
13.8066858,-17.4455860,3.4183729
13.7587165,-17.4580030,3.4472226
13.7102222,-17.4698222,3.4760723
13.6612293,-17.4810450,3.5049221
13.6117637,-17.4916727,3.5337718
13.5621494,-17.5016490,3.5627040
13.5136850,-17.5107583,3.5920665
13.4648498,-17.5193299,3.6214289
13.4156638,-17.5273742,3.6507914
13.3661470,-17.5349013,3.6801538
13.3163193,-17.5419215,3.7095162
13.2662007,-17.5484450,3.7388787
13.2166920,-17.5543811,3.7689392
13.1673798,-17.5598135,3.7993478
13.1178425,-17.5648102,3.8297563
13.0680956,-17.5693846,3.8601648
13.0181544,-17.5735502,3.8905734
12.9680344,-17.5773204,3.9209819
12.9177510,-17.5807086,3.9513905
12.8681516,-17.5836816,3.9828229
12.8184218,-17.5863117,4.0142559
12.7685738,-17.5886126,4.0456889
12.7186200,-17.5905979,4.0771219
12.6685729,-17.5922812,4.1085549
12.6184450,-17.5936763,4.1399879
12.5683275,-17.5947950,4.1715717
12.5184342,-17.5956491,4.2036907
12.4684972,-17.5962579,4.2358097
12.4185281,-17.5966336,4.2679288
12.3685384,-17.5967886,4.3000478
12.3185398,-17.5967351,4.3321668
12.2685438,-17.5964855,4.3642858
12.2185120,-17.5960515,4.3964964
12.1684281,-17.5954437,4.4288492
12.1183799,-17.5946731,4.4612021
12.0683779,-17.5937500,4.4935549
12.0184323,-17.5926848,4.5259078
11.9685536,-17.5914879,4.5582606
11.9187521,-17.5901697,4.5906135
11.8686747,-17.5887296,4.6229079
11.8184357,-17.5871779,4.6551602
11.7683114,-17.5855305,4.6874124
11.7183148,-17.5837959,4.7196646
11.6684587,-17.5819827,4.7519169
11.6187561,-17.5800994,4.7841691
11.5692198,-17.5781548,4.8164214
11.5188366,-17.5761153,4.8485600
11.4684778,-17.5740226,4.8806793
11.4183309,-17.5718932,4.9127986
11.3684074,-17.5697365,4.9449179
11.3187191,-17.5675620,4.9770371
11.2692778,-17.5653789,5.0091564
11.2196344,-17.5631762,5.0412671
11.1691258,-17.5609314,5.0733566
11.1188840,-17.5586984,5.1054461
11.0688952,-17.5564804,5.1375356
11.0191455,-17.5542801,5.1696250
10.9696212,-17.5521006,5.2017145
10.9203084,-17.5499449,5.2338040
10.8700190,-17.5477642,5.2657320
10.8198331,-17.5456040,5.2976478
10.7698256,-17.5434640,5.3295636
10.7199816,-17.5413400,5.3614794
10.6702863,-17.5392278,5.3933952
10.6207249,-17.5371231,5.4253110
10.5706926,-17.5349970,5.4569703
10.5205599,-17.5328643,5.4885349
10.4705450,-17.5307346,5.5200995
10.4206473,-17.5286086,5.5516641
10.3708661,-17.5264866,5.5832286
10.3212008,-17.5243691,5.6147932
10.2712286,-17.5222385,5.6461064
10.2211233,-17.5201023,5.6772727
10.1711251,-17.5179703,5.7084389
10.1212273,-17.5158421,5.7396052
10.0714231,-17.5137171,5.7707715
10.0217057,-17.5115945,5.8019377
9.9717691,-17.5094611,5.8327927
9.9217204,-17.5073211,5.8634515
9.8717452,-17.5051824,5.8941103
9.8218400,-17.5030445,5.9247691
9.7720015,-17.5009071,5.9554279
9.7222261,-17.4987700,5.9860866
9.6722831,-17.4966229,6.0163586
9.6222767,-17.4944702,6.0464260
9.5723235,-17.4923164,6.0764935
9.5224196,-17.4901612,6.1065609
9.4725614,-17.4880041,6.1366283
9.4227450,-17.4858446,6.1666958
9.3728018,-17.4836751,6.1962870
9.3228348,-17.4815000,6.2257078
9.2729002,-17.4793216,6.2551286
9.2229952,-17.4771399,6.2845494
9.1731167,-17.4749545,6.3139702
9.1232619,-17.4727655,6.3433910
9.0733260,-17.4705682,6.3722377
9.0233897,-17.4683667,6.4009791
8.9734690,-17.4661622,6.4297205
8.9235613,-17.4639552,6.4584620
8.8736639,-17.4617464,6.4872034
8.8237743,-17.4595362,6.5159448
8.7738591,-17.4573238,6.5439410
8.7239458,-17.4551117,6.5719127
8.6740331,-17.4529010,6.5998844
8.6241188,-17.4506929,6.6278561
8.5742008,-17.4484885,6.6558278
8.5242812,-17.4462892,6.6837179
8.4743972,-17.4440979,6.7108301
8.4245021,-17.4419143,6.7379424
8.3745933,-17.4397400,6.7650546
8.3246680,-17.4375764,6.7921668
8.2747236,-17.4354252,6.8192790
8.2247858,-17.4332892,6.8461891
8.1749270,-17.4311730,6.8723653
8.1250422,-17.4290738,6.8985415
8.0751295,-17.4269932,6.9247177
8.0251871,-17.4249326,6.9508938
7.9752131,-17.4228936,6.9770700
7.9252757,-17.4208806,7.0029344
7.8754496,-17.4188982,7.0281404
7.8255822,-17.4169418,7.0533465
7.7756685,-17.4150131,7.0785525
7.7257031,-17.4131135,7.1037586
7.6756808,-17.4112448,7.1289646
7.6257387,-17.4094134,7.1537804
7.5759441,-17.4076219,7.1780134
7.5260836,-17.4058603,7.2022465
7.4761558,-17.4041269,7.2264795
7.4261596,-17.4024196,7.2507126
7.3760938,-17.4007364,7.2749457
7.3261164,-17.3990807,7.2987975
7.2762758,-17.3974528,7.3221614
7.2263768,-17.3958458,7.3455254
7.1764276,-17.3942599,7.3688893
7.1264367,-17.3926952,7.3922532
7.0764123,-17.3911519,7.4156171
7.0264321,-17.3896322,7.4248253
6.9765228,-17.3881374,7.4154777
6.9265950,-17.3866664,7.4061301
6.8766502,-17.3852210,7.3967825
6.8266895,-17.3838027,7.3874350
6.7767143,-17.3824134,7.3780874
6.7267635,-17.3810556,7.3581471
6.6768539,-17.3797302,7.3228105
6.6269285,-17.3784347,7.2874739
6.5769851,-17.3771681,7.2521373
6.5270213,-17.3759293,7.2168007
6.4770347,-17.3747171,7.1814642
6.4270738,-17.3735316,7.1459999
6.3771729,-17.3723728,7.1103194
6.3272468,-17.3712376,7.0746389
6.2772964,-17.3701254,7.0389585
6.2273226,-17.3690355,7.0032780
6.1773264,-17.3679670,6.9675975
6.1273496,-17.3669200,6.9317718
6.0774396,-17.3658946,6.8956353
6.0275089,-17.3648877,6.8594987
5.9775578,-17.3638981,6.8233621
5.9275864,-17.3629246,6.7872256
5.8775948,-17.3619661,6.7510890
5.8276123,-17.3610219,6.7148271
5.7776971,-17.3600918,6.6781890
5.7277630,-17.3591731,6.6415510
5.6778104,-17.3582647,6.6049129
5.6278402,-17.3573653,6.5682748
5.5778528,-17.3564740,6.5316367
5.5278654,-17.3555898,6.4949127
5.4779439,-17.3547128,6.4577609
5.4280069,-17.3538408,6.4206092
5.3780547,-17.3529727,6.3834575
5.3280875,-17.3521079,6.3463058
5.2781056,-17.3512453,6.3091540
5.2281157,-17.3503843,6.2719746
5.1781928,-17.3495253,6.2344423
5.1282558,-17.3486661,6.1969101
5.0783048,-17.3478058,6.1593778
5.0283399,-17.3469436,6.1218456
4.9783611,-17.3460786,6.0843133
4.9283683,-17.3452101,6.0467811
4.8784485,-17.3443386,6.0090701
4.8285170,-17.3434615,5.9713531
4.7785703,-17.3425777,5.9336361
4.7286077,-17.3416860,5.8959191
4.6786284,-17.3407852,5.8582021
4.6286316,-17.3398742,5.8204851
4.5787136,-17.3389534,5.7826584
4.5287936,-17.3380200,5.7448125
4.4788538,-17.3370719,5.7069667
4.4288934,-17.3361074,5.6691208
4.3789114,-17.3351249,5.6312750
4.3289070,-17.3341226,5.5934291
4.2789963,-17.3331012,5.5555682
4.2291051,-17.3320573,5.5177015
4.1791847,-17.3309876,5.4798348
4.1292319,-17.3298896,5.4419681
4.0792433,-17.3287611,5.4041014
4.0292155,-17.3275996,5.3662347
3.9792956,-17.3264064,5.3284601
3.9294441,-17.3251778,5.2907547
3.8795469,-17.3239074,5.2530492
3.8296026,-17.3225915,5.2153438
3.7796098,-17.3212263,5.1776384
3.7295669,-17.3198082,5.1399329
3.6796111,-17.3183376,5.1023538
3.6298193,-17.3168143,5.0649733
3.5799688,-17.3152294,5.0275929
3.5300547,-17.3135805,4.9902125
3.4800719,-17.3118651,4.9528320
3.4300152,-17.3100807,4.9154516
3.3799943,-17.3082291,4.8781611
3.3304777,-17.3063266,4.8413369
3.2808436,-17.3043470,4.8045127
3.2310604,-17.3022857,4.7676885
3.1810964,-17.3001378,4.7308643
3.1309200,-17.2978985,4.6940401
3.0804997,-17.2955631,4.6572159
3.0311251,-17.2931896,4.6213202
2.9817282,-17.2907140,4.5855938
2.9320721,-17.2881037,4.5498675
2.8821591,-17.2853376,4.5141411
2.8319917,-17.2823944,4.4784148
2.7815723,-17.2792529,4.4426884
2.7314107,-17.2759268,4.4073863
2.6820501,-17.2724408,4.3729457
2.6324865,-17.2687109,4.3385052
2.5827428,-17.2647188,4.3040646
2.5328418,-17.2604462,4.2696240
2.4828063,-17.2558749,4.2351835
2.4326591,-17.2509866,4.2007429
2.3829158,-17.2458161,4.1671676
2.3334195,-17.2403342,4.1341439
2.2838740,-17.2344907,4.1011202
2.2342967,-17.2282667,4.0680966
2.1847052,-17.2216435,4.0350729
2.1351168,-17.2146022,4.0020492
2.0855492,-17.2071240,3.9690256
2.0361521,-17.1992120,3.9374530
1.9868519,-17.1908354,3.9062857
1.9376354,-17.1819713,3.8751183
1.8885260,-17.1726023,3.8439510
1.8395472,-17.1627109,3.8127836
1.7907226,-17.1522799,3.7816163
1.7420757,-17.1412918,3.7504490
1.6931669,-17.1296165,3.7221638
1.6444599,-17.1173355,3.6940974
1.5960224,-17.1044466,3.6660311
1.5478868,-17.0909392,3.6379647
1.5000854,-17.0768028,3.6098984
1.4526506,-17.0620266,3.5818321
1.4054245,-17.0465364,3.5543668
1.3575418,-17.0299986,3.5303833
1.3101467,-17.0127759,3.5063998
1.2632716,-16.9948781,3.4824163
1.2169489,-16.9763150,3.4584328
1.1712110,-16.9570963,3.4344493
1.1260905,-16.9372317,3.4104658
1.0803772,-16.9161456,3.3885857
1.0343840,-16.8939191,3.3684468
0.9892111,-16.8710731,3.3483080
0.9449137,-16.8476585,3.3281692
0.9015472,-16.8237264,3.3080304
0.8591670,-16.7993276,3.2878916
0.8166510,-16.7737913,3.2685188
0.7722147,-16.7459178,3.2512153
0.7292068,-16.7177672,3.2339119
0.6877083,-16.6894865,3.2166084
0.6478001,-16.6612224,3.1993049
0.6095632,-16.6331221,3.1820014
0.5687342,-16.6019610,3.1649614
0.5273411,-16.5691320,3.1480975
0.4883018,-16.5370656,3.1312336
0.4514707,-16.5059036,3.1143697
0.4167020,-16.4757879,3.0975058
0.3784338,-16.4420142,3.0793558
0.3413261,-16.4086471,3.0610450
0.3051713,-16.3755491,3.0427342
0.2690516,-16.3419617,3.0244234
0.2349962,-16.3098568,3.0068679
0.2002615,-16.2764501,2.9893721
0.1645226,-16.2410962,2.9718764
0.1276737,-16.2033542,2.9543806
0.0936606,-16.1671841,2.9467362
0.0614679,-16.1316582,2.9453806
0.0288859,-16.0943017,2.9440249
-0.0037909,-16.0552578,2.9426693
-0.0362681,-16.0146693,2.9413136
-0.0673296,-15.9739226,2.9415999
-0.0963905,-15.9338850,2.9443267
-0.1247679,-15.8928844,2.9470535
-0.1523854,-15.8510412,2.9497804
-0.1791667,-15.8084761,2.9525072
-0.2050355,-15.7653095,2.9552340
-0.2298584,-15.7217629,2.9648521
-0.2536545,-15.6777848,2.9763380
-0.2764275,-15.6333343,2.9878238
-0.2981638,-15.5884000,2.9993097
-0.3188495,-15.5429706,3.0107956
-0.3384599,-15.4970619,3.0238638
-0.3569455,-15.4508001,3.0456828
-0.3743949,-15.4040663,3.0675019
-0.3908353,-15.3568955,3.0893210
-0.4062938,-15.3093225,3.1111400
-0.4207977,-15.2613821,3.1329591
-0.4343211,-15.2133037,3.1583343
-0.4469023,-15.1651159,3.1872982
-0.4586260,-15.1166350,3.2162622
-0.4695202,-15.0678724,3.2452261
-0.4796129,-15.0188393,3.2741900
-0.4889320,-14.9695470,3.3031539
-0.4974265,-14.9204822,3.3353739
-0.5051971,-14.8713088,3.3684273
-0.5122910,-14.8219182,3.4014806
-0.5187335,-14.7723231,3.4345340
-0.5245502,-14.7225361,3.4675874
-0.5297648,-14.6725860,3.5007091
-0.5343500,-14.6230963,3.5364603
-0.5383990,-14.5734504,3.5722115
-0.5419360,-14.5236551,3.6079627
-0.5449853,-14.4737167,3.6437138
-0.5475711,-14.4236419,3.6794650
-0.5497132,-14.3735495,3.7156500
-0.5514257,-14.3238483,3.7538183
-0.5527541,-14.2740308,3.7919867
-0.5537194,-14.2241016,3.8301551
-0.5543430,-14.1740651,3.8683235
-0.5546458,-14.1239256,3.9064919
-0.5546495,-14.0738356,3.9450533
-0.5543784,-14.0240736,3.9847341
-0.5538505,-13.9742214,4.0244148
-0.5530822,-13.9242812,4.0640955
-0.5520899,-13.8742553,4.1037762
-0.5508901,-13.8241460,4.1434569
-0.5495032,-13.7740939,4.1832045
-0.5479529,-13.7243331,4.2231308
-0.5462412,-13.6744960,4.2630570
-0.5443792,-13.6245838,4.3029832
-0.5423779,-13.5745978,4.3429094
-0.5402486,-13.5245393,4.3828357
-0.5380068,-13.4745112,4.4225815
-0.5356754,-13.4247668,4.4617022
-0.5332463,-13.3749542,4.5008229
-0.5307265,-13.3250745,4.5399436
-0.5281234,-13.2751283,4.5790643
-0.5254439,-13.2251165,4.6181850
-0.5226979,-13.1750892,4.6571438
-0.5199099,-13.1253594,4.6949165
-0.5170650,-13.0755675,4.7326891
-0.5141677,-13.0257141,4.7704618
-0.5112225,-12.9758001,4.8082344
-0.5082339,-12.9258262,4.8460070
-0.5052065,-12.8757931,4.8837797
-0.5021662,-12.8260586,4.9200243
-0.4990955,-12.7762800,4.9562149
-0.4959962,-12.7264456,4.9924054
-0.4928708,-12.6765562,5.0285960
-0.4897220,-12.6266127,5.0647866
-0.4865524,-12.5766160,5.1009771
-0.4833804,-12.5268178,5.1359138
-0.4801969,-12.4770455,5.1704672
-0.4769982,-12.4272236,5.2050205
-0.4737854,-12.3773530,5.2395739
-0.4705598,-12.3274349,5.2741272
-0.4673226,-12.2774702,5.3086806
-0.4640846,-12.2276080,5.3423926
-0.4608458,-12.1778358,5.3753435
-0.4575976,-12.1280210,5.4082943
-0.4543404,-12.0781648,5.4412452
-0.4510745,-12.0282686,5.4741961
-0.4478001,-11.9783336,5.5071470
-0.4445213,-11.9284184,5.5397255
-0.4412459,-11.8786404,5.5711801
-0.4379627,-11.8288278,5.6026347
-0.4346717,-11.7789822,5.6340893
-0.4313732,-11.7291048,5.6655439
-0.4280671,-11.6791971,5.6969985
-0.4247535,-11.6292605,5.7284531
-0.4214436,-11.5794607,5.7586732
-0.4181273,-11.5296449,5.7888195
-0.4148041,-11.4798049,5.8189658
-0.4114742,-11.4299420,5.8491121
-0.4081379,-11.3800580,5.8792584
-0.4047955,-11.3301542,5.9094047
-0.4014517,-11.2803017,5.9388432
-0.3981050,-11.2304759,5.9678413
-0.3947529,-11.1806351,5.9968393
-0.3913956,-11.1307811,6.0258374
-0.3880333,-11.0809152,6.0548354
-0.3846662,-11.0310393,6.0838334
-0.3812956,-10.9811679,6.1125539
-0.3779231,-10.9313243,6.1405417
-0.3745466,-10.8814755,6.1685295
-0.3711666,-10.8316231,6.1965172
-0.3677832,-10.7817689,6.2245050
-0.3643968,-10.7319146,6.2524928
-0.3610076,-10.6820618,6.2804805
-0.3576147,-10.6321933,6.3076433
-0.3542196,-10.5823283,6.3347411
-0.3508227,-10.5324700,6.3618389
-0.3474242,-10.4826200,6.3889368
-0.3440247,-10.4327802,6.4160346
-0.3406243,-10.3829522,6.4431324
-0.3372198,-10.3330852,6.4697742
-0.3338125,-10.2831956,6.4960882
-0.3304053,-10.2333232,6.5224023
-0.3269985,-10.1834698,6.5487163
-0.3235925,-10.1336371,6.5750304
-0.3201875,-10.0838270,6.6013444
-0.3167811,-10.0340007,6.6274873
-0.3133681,-9.9840784,6.6531120
-0.3099571,-9.9341841,6.6787368
-0.3065485,-9.8843197,6.7043616
-0.3031427,-9.8344869,6.7299864
-0.2997402,-9.7846877,6.7556111
-0.2963411,-9.7349238,6.7812359
-0.2929310,-9.6849762,6.8062636
-0.2895243,-9.6350526,6.8312500
-0.2861228,-9.5851701,6.8562364
-0.2827269,-9.5353305,6.8812228
-0.2793373,-9.4855356,6.9062093
-0.2759546,-9.4357873,6.9311957
-0.2725656,-9.3858850,6.9557763
-0.2691774,-9.3359254,6.9801406
-0.2657984,-9.2860184,7.0045050
-0.2624291,-9.2361658,7.0288693
-0.2590705,-9.1863695,7.0532337
-0.2557233,-9.1366311,7.0775980
-0.2523777,-9.0867953,7.1017092
-0.2490301,-9.0367940,7.1254536
-0.2456968,-8.9868571,7.1491980
-0.2423785,-8.9369864,7.1729424
-0.2390764,-8.8871838,7.1966867
-0.2357914,-8.8374511,7.2204311
-0.2325179,-8.7876925,7.2440421
-0.2292398,-8.7376457,7.2671577
-0.2259821,-8.6876755,7.2902734
-0.2227456,-8.6377837,7.3133891
-0.2195315,-8.5879720,7.3365048
-0.2163408,-8.5382421,7.3596204
-0.2131720,-8.4885567,7.3826895
-0.2099972,-8.4384613,7.4051678
-0.2068495,-8.3884552,7.4276461
-0.2037299,-8.3385405,7.4501244
-0.2006395,-8.2887193,7.4726028
-0.1975793,-8.2389936,7.4950811
-0.1945505,-8.1893657,7.5175594
-0.1915175,-8.1392281,7.5175677
-0.1885193,-8.0891933,7.5175677
-0.1855575,-8.0392619,7.5175677
-0.1826335,-7.9894347,7.5175677
-0.1797490,-7.9397123,7.5175677
-0.1769055,-7.8900953,7.6486832